/*
SQLyog Ultimate v12.4.3 (64 bit)
MySQL - 10.4.24-MariaDB : Database - logbook
*********************************************************************
*/

/*!40101 SET NAMES utf8 */;

/*!40101 SET SQL_MODE=''*/;

/*!40014 SET @OLD_UNIQUE_CHECKS=@@UNIQUE_CHECKS, UNIQUE_CHECKS=0 */;
/*!40014 SET @OLD_FOREIGN_KEY_CHECKS=@@FOREIGN_KEY_CHECKS, FOREIGN_KEY_CHECKS=0 */;
/*!40101 SET @OLD_SQL_MODE=@@SQL_MODE, SQL_MODE='NO_AUTO_VALUE_ON_ZERO' */;
/*!40111 SET @OLD_SQL_NOTES=@@SQL_NOTES, SQL_NOTES=0 */;
CREATE DATABASE /*!32312 IF NOT EXISTS*/`logbook` /*!40100 DEFAULT CHARACTER SET utf8mb4 */;

USE `logbook`;

/*Table structure for table `alat` */

DROP TABLE IF EXISTS `alat`;

CREATE TABLE `alat` (
  `id_alat` int(11) NOT NULL AUTO_INCREMENT,
  `nama_alat` varchar(255) DEFAULT NULL,
  PRIMARY KEY (`id_alat`)
) ENGINE=InnoDB AUTO_INCREMENT=4 DEFAULT CHARSET=utf8mb4;

/*Data for the table `alat` */

insert  into `alat`(`id_alat`,`nama_alat`) values 
(1,'CCTV'),
(2,'ETD (Explosive Trace Detector)');

/*Table structure for table `ck_bulan` */

DROP TABLE IF EXISTS `ck_bulan`;

CREATE TABLE `ck_bulan` (
  `id` int(11) NOT NULL AUTO_INCREMENT,
  `id_alat` int(11) DEFAULT NULL,
  `id_merk` int(11) DEFAULT NULL,
  `tanggal` char(7) DEFAULT NULL,
  `status` varchar(100) DEFAULT NULL,
  `persen` int(11) DEFAULT NULL,
  `keterangan` varchar(255) DEFAULT NULL,
  `gambar` varchar(50) DEFAULT NULL,
  PRIMARY KEY (`id`),
  KEY `id_alat` (`id_alat`),
  KEY `id_merk` (`id_merk`),
  CONSTRAINT `ck_bulan_ibfk_1` FOREIGN KEY (`id_alat`) REFERENCES `alat` (`id_alat`),
  CONSTRAINT `ck_bulan_ibfk_2` FOREIGN KEY (`id_merk`) REFERENCES `merk` (`id_merk`)
) ENGINE=InnoDB AUTO_INCREMENT=37 DEFAULT CHARSET=utf8mb4;

/*Data for the table `ck_bulan` */

insert  into `ck_bulan`(`id`,`id_alat`,`id_merk`,`tanggal`,`status`,`persen`,`keterangan`,`gambar`) values 
(1,1,1,'2023-07','Solve',100,'-',NULL),
(2,2,4,'2023-07','Solve',100,'-',NULL),
(3,1,2,'2023-07','Rusak',33,'1 Unit rusak',NULL),
(4,1,3,'2023-07','Solve',100,'-',NULL),
(5,2,5,'2023-07','Solve',100,'-',NULL),
(6,2,6,'2023-07','Solve',100,'-',NULL),
(7,1,1,'2023-08','Rusak',33,'1 Unit rusak',NULL),
(8,2,4,'2023-08','Rusak',33,'1 Unit rusak',NULL),
(9,1,2,'2023-08','Rusak',33,'1 Unit rusak',NULL),
(10,1,3,'2023-08','Rusak',33,'1 Unit rusak',NULL),
(11,2,5,'2023-08','Rusak',33,'1 Unit rusak',NULL),
(12,2,6,'2023-08','Solve',100,'-',NULL),
(13,1,1,'2023-09','Solve',100,'-',NULL),
(14,2,4,'2023-09','Solve',100,'-',NULL),
(15,1,2,'2023-09','Solve',100,'-',NULL),
(16,1,3,'2023-09','Solve',100,'-',NULL),
(17,2,5,'2023-09','Solve',100,'-',NULL),
(18,2,6,'2023-09','Solve',100,'-',NULL),
(19,1,1,'2023-10','Rusak',33,'1 Unit rusak',NULL),
(20,2,4,'2023-10','Rusak',33,'1 Unit rusak',NULL),
(21,1,2,'2023-10','Rusak',33,'1 Unit rusak',NULL),
(22,1,3,'2023-10','Solve',100,'-',NULL),
(23,2,5,'2023-10','Solve',100,'-',NULL),
(24,2,6,'2023-10','Rusak',67,'1 Unit rusak',NULL),
(25,1,1,'2023-11','Solve',100,'-',NULL),
(26,2,4,'2023-11','Solve',100,'-',NULL),
(27,1,2,'2023-11','Solve',100,'-',NULL),
(28,1,3,'2023-11','Solve',100,'-',NULL),
(29,2,5,'2023-11','Solve',100,'-',NULL),
(30,2,6,'2023-11','Solve',100,'-',NULL),
(31,1,1,'2023-12','Rusak',67,'1 Unit eror',NULL),
(32,2,4,'2023-12','Rusak',67,'1 Unit eror',NULL),
(33,1,2,'2023-12','Rusak',67,'1 Unit eror',NULL),
(34,1,3,'2023-12','Rusak',67,'1 Unit eror',NULL),
(35,2,5,'2023-12','Rusak',67,'1 Unit eror',NULL),
(36,2,6,'2023-12','Rusak',67,'1 Unit eror',NULL);

/*Table structure for table `ck_hari` */

DROP TABLE IF EXISTS `ck_hari`;

CREATE TABLE `ck_hari` (
  `id` int(11) NOT NULL AUTO_INCREMENT,
  `id_alat` int(11) DEFAULT NULL,
  `id_merk` int(11) DEFAULT NULL,
  `tanggal` char(10) DEFAULT NULL,
  `status` varchar(100) DEFAULT NULL,
  `persen` int(11) DEFAULT NULL,
  `keterangan` varchar(255) DEFAULT NULL,
  `gambar` varchar(50) DEFAULT NULL,
  PRIMARY KEY (`id`),
  KEY `id_alat` (`id_alat`),
  KEY `id_merk` (`id_merk`),
  CONSTRAINT `ck_hari_ibfk_1` FOREIGN KEY (`id_alat`) REFERENCES `alat` (`id_alat`),
  CONSTRAINT `ck_hari_ibfk_2` FOREIGN KEY (`id_merk`) REFERENCES `merk` (`id_merk`)
) ENGINE=InnoDB AUTO_INCREMENT=1118 DEFAULT CHARSET=utf8mb4;

/*Data for the table `ck_hari` */

insert  into `ck_hari`(`id`,`id_alat`,`id_merk`,`tanggal`,`status`,`persen`,`keterangan`,`gambar`) values 
(1,2,4,'2023-07-01','Solve',100,' ',NULL),
(2,1,3,'2023-07-01','Solve',100,' ',NULL),
(3,2,5,'2023-07-01','Rusak',22,'rusak',NULL),
(4,1,1,'2023-07-01','Solve',100,' ',NULL),
(5,2,6,'2023-07-01','Rusak',22,'rusak',NULL),
(6,1,2,'2023-07-01','Solve',100,' ',NULL),
(7,2,4,'2023-07-02','Solve',100,' ',NULL),
(8,1,3,'2023-07-02','Rusak',71,'ups rusak',NULL),
(9,2,5,'2023-07-02','Solve',100,' ',NULL),
(10,1,1,'2023-07-02','Rusak',71,'ups rusak',NULL),
(11,2,6,'2023-07-02','Solve',100,' ',NULL),
(12,1,2,'2023-07-02','Rusak',71,'ups rusak',NULL),
(13,1,2,'2023-07-03','Rusak',100,' ',NULL),
(14,2,4,'2023-07-03','Solve',100,' ',NULL),
(15,1,3,'2023-07-03','Rusak',100,' ',NULL),
(16,2,5,'2023-07-03','Solve',100,' ',NULL),
(17,1,1,'2023-07-03','Rusak',86,' ',NULL),
(18,2,6,'2023-07-03','Solve',100,' ',NULL),
(19,1,2,'2023-07-04','Rusak',71,'kabel putus',NULL),
(20,2,4,'2023-07-04','Solve',100,' ',NULL),
(21,1,3,'2023-07-04','Rusak',71,'kabel putus',NULL),
(22,2,5,'2023-07-04','Rusak',44,'rusak',NULL),
(23,1,1,'2023-07-04','Rusak',71,'kabel putus',NULL),
(24,2,6,'2023-07-04','Rusak',44,'rusak',NULL),
(25,1,2,'2023-07-05','Solve',100,' ',NULL),
(26,2,4,'2023-07-05','Solve',100,' ',NULL),
(27,1,3,'2023-07-05','Solve',100,' ',NULL),
(28,2,5,'2023-07-05','Rusak',33,'rusak',NULL),
(29,1,1,'2023-07-05','Solve',100,' ',NULL),
(30,2,6,'2023-07-05','Rusak',33,'rusak',NULL),
(31,1,2,'2023-07-06','Solve',100,' ',NULL),
(32,2,4,'2023-07-06','Rusak',33,'rusak',NULL),
(33,1,3,'2023-07-06','Solve',100,' ',NULL),
(34,2,5,'2023-07-06','Rusak',33,'rusak',NULL),
(35,1,1,'2023-07-06','Solve',100,' ',NULL),
(36,2,6,'2023-07-06','Rusak',33,'rusak',NULL),
(37,1,2,'2023-07-07','Solve',100,' ',NULL),
(38,2,4,'2023-07-07','Rusak',22,'rusak',NULL),
(39,1,3,'2023-07-07','Solve',100,' ',NULL),
(40,2,5,'2023-07-07','Rusak',22,'rusak',NULL),
(41,1,1,'2023-07-07','Solve',86,' ',NULL),
(42,2,6,'2023-07-07','Rusak',22,'rusak',NULL),
(43,1,2,'2023-07-08','Rusak',43,'rusak',NULL),
(44,2,4,'2023-07-08','Rusak',44,'rusak',NULL),
(45,1,3,'2023-07-08','Rusak',100,'rusak',NULL),
(46,2,5,'2023-07-08','Rusak',44,'rusak',NULL),
(47,1,1,'2023-07-08','Rusak',43,'rusak',NULL),
(48,2,6,'2023-07-08','Rusak',44,'rusak',NULL),
(49,1,2,'2023-07-09','Rusak',71,'rusak',NULL),
(50,2,4,'2023-07-09','Rusak',56,'rusak',NULL),
(51,1,3,'2023-07-09','Rusak',29,'rusak',NULL),
(52,2,5,'2023-07-09','Rusak',56,'rusak',NULL),
(53,1,1,'2023-07-09','Rusak',29,'rusak',NULL),
(54,2,6,'2023-07-09','Rusak',56,'rusak',NULL),
(55,1,2,'2023-07-10','Rusak',57,'rusak',NULL),
(56,2,4,'2023-07-10','Solve',89,' ',NULL),
(57,1,3,'2023-07-10','Rusak',14,'rusak',NULL),
(58,2,5,'2023-07-10','Solve',89,' ',NULL),
(59,1,1,'2023-07-10','Rusak',14,'rusak',NULL),
(60,2,6,'2023-07-10','Solve',89,' ',NULL),
(61,1,2,'2023-07-11','Solve',100,' ',NULL),
(62,2,4,'2023-07-11','Solve',89,' ',NULL),
(63,1,3,'2023-07-11','Solve',100,' ',NULL),
(64,2,5,'2023-07-11','Solve',89,' ',NULL),
(65,1,1,'2023-07-11','Solve',100,' ',NULL),
(66,2,6,'2023-07-11','Solve',89,' ',NULL),
(67,1,2,'2023-07-12','Solve',100,' ',NULL),
(68,2,4,'2023-07-12','Solve',89,' ',NULL),
(69,1,3,'2023-07-12','Solve',100,' ',NULL),
(70,2,5,'2023-07-12','Solve',89,' ',NULL),
(71,1,1,'2023-07-12','Solve',100,' ',NULL),
(72,2,6,'2023-07-12','Solve',89,' ',NULL),
(73,1,2,'2023-07-13','Rusak',57,'rusak',NULL),
(74,2,4,'2023-07-13','Rusak',78,'rusak',NULL),
(75,1,3,'2023-07-13','Rusak',57,'rusak',NULL),
(76,2,5,'2023-07-13','Rusak',78,'rusak',NULL),
(77,1,1,'2023-07-13','Rusak',57,'rusak',NULL),
(78,2,6,'2023-07-13','Rusak',78,'rusak',NULL),
(79,1,2,'2023-07-14','Rusak',57,'rusak',NULL),
(80,2,4,'2023-07-14','Solve',100,' ',NULL),
(81,1,3,'2023-07-14','Rusak',57,'rusak',NULL),
(82,2,5,'2023-07-14','Solve',100,' ',NULL),
(83,1,1,'2023-07-14','Rusak',57,'rusak',NULL),
(84,2,6,'2023-07-14','Solve',100,' ',NULL),
(85,1,2,'2023-07-15','Rusak',43,'rusak',NULL),
(86,2,4,'2023-07-15','Solve',100,' ',NULL),
(87,1,3,'2023-07-15','Rusak',100,'rusak',NULL),
(88,2,5,'2023-07-15','Solve',100,' ',NULL),
(89,1,1,'2023-07-15','Rusak',43,'rusak',NULL),
(90,2,6,'2023-07-15','Solve',100,' ',NULL),
(91,1,2,'2023-07-16','Rusak',43,'rusak',NULL),
(92,2,4,'2023-07-16','Solve',100,' ',NULL),
(93,1,3,'2023-07-16','Rusak',100,'rusak',NULL),
(94,2,5,'2023-07-16','Solve',100,' ',NULL),
(95,1,1,'2023-07-16','Rusak',43,'rusak',NULL),
(96,2,6,'2023-07-16','Solve',100,' ',NULL),
(97,1,2,'2023-07-17','Solve',100,' ',NULL),
(98,2,4,'2023-07-17','Solve',100,' ',NULL),
(99,1,3,'2023-07-17','Solve',100,' ',NULL),
(100,2,5,'2023-07-17','Solve',100,' ',NULL),
(101,1,1,'2023-07-17','Solve',86,' ',NULL),
(102,2,6,'2023-07-17','Solve',100,' ',NULL),
(103,1,2,'2023-07-18','Rusak',71,'rusak',NULL),
(104,2,4,'2023-07-18','Solve',100,' ',NULL),
(105,1,3,'2023-07-18','Rusak',29,'rusak',NULL),
(106,2,5,'2023-07-18','Solve',100,' ',NULL),
(107,1,1,'2023-07-18','Rusak',29,'rusak',NULL),
(108,2,6,'2023-07-18','Solve',100,' ',NULL),
(109,1,2,'2023-07-19','Rusak',57,'rusak',NULL),
(110,2,4,'2023-07-19','Solve',100,' ',NULL),
(111,1,3,'2023-07-19','Rusak',14,'rusak',NULL),
(112,2,5,'2023-07-19','Solve',100,' ',NULL),
(113,1,1,'2023-07-19','Rusak',14,'rusak',NULL),
(114,2,6,'2023-07-19','Solve',100,' ',NULL),
(115,1,2,'2023-07-20','Rusak',71,'rusak',NULL),
(116,2,4,'2023-07-20','Solve',100,' ',NULL),
(117,1,3,'2023-07-20','Rusak',29,'rusak',NULL),
(118,2,5,'2023-07-20','Solve',100,' ',NULL),
(119,1,1,'2023-07-20','Rusak',29,'rusak',NULL),
(120,2,6,'2023-07-20','Solve',100,' ',NULL),
(121,1,2,'2023-07-21','Rusak',43,'rusak',NULL),
(122,2,4,'2023-07-21','Solve',100,' ',NULL),
(123,1,3,'2023-07-21','Rusak',100,'rusak',NULL),
(124,2,5,'2023-07-21','Solve',100,' ',NULL),
(125,1,1,'2023-07-21','Rusak',43,'rusak',NULL),
(126,2,6,'2023-07-21','Solve',100,' ',NULL),
(127,1,2,'2023-07-22','Rusak',57,'rusak',NULL),
(128,2,4,'2023-07-22','Rusak',22,'rusak',NULL),
(129,1,3,'2023-07-22','Rusak',57,'rusak',NULL),
(130,2,5,'2023-07-22','Rusak',22,'rusak',NULL),
(131,1,1,'2023-07-22','Rusak',57,'rusak',NULL),
(132,2,6,'2023-07-22','Rusak',22,'rusak',NULL),
(133,1,2,'2023-07-23','Rusak',71,'rusak',NULL),
(134,2,4,'2023-07-23','Rusak',22,'rusak',NULL),
(135,1,3,'2023-07-23','Rusak',71,'rusak',NULL),
(136,2,5,'2023-07-23','Rusak',22,'rusak',NULL),
(137,1,1,'2023-07-23','Rusak',71,'rusak',NULL),
(138,2,6,'2023-07-23','Rusak',22,'rusak',NULL),
(139,2,6,'2023-07-24','Rusak',22,'rusak',NULL),
(140,1,2,'2023-07-24','Solve',100,' ',NULL),
(141,2,4,'2023-07-24','Rusak',22,'rusak',NULL),
(142,1,3,'2023-07-24','Solve',100,' ',NULL),
(143,2,5,'2023-07-24','Rusak',22,'rusak',NULL),
(144,1,1,'2023-07-24','Solve',86,' ',NULL),
(145,2,6,'2023-07-25','Rusak',44,'rusak',NULL),
(146,1,2,'2023-07-25','Solve',100,' ',NULL),
(147,2,4,'2023-07-25','Rusak',44,'rusak',NULL),
(148,1,3,'2023-07-25','Solve',100,' ',NULL),
(149,2,5,'2023-07-25','Rusak',44,'rusak',NULL),
(150,1,1,'2023-07-25','Solve',100,' ',NULL),
(151,2,6,'2023-07-26','Rusak',56,'rusak',NULL),
(152,1,2,'2023-07-26','Solve',100,' ',NULL),
(153,2,4,'2023-07-26','Rusak',56,'rusak',NULL),
(154,1,3,'2023-07-26','Solve',100,' ',NULL),
(155,2,5,'2023-07-26','Rusak',56,'rusak',NULL),
(156,1,1,'2023-07-26','Solve',100,' ',NULL),
(157,2,6,'2023-07-27','Rusak',56,'rusak',NULL),
(158,1,2,'2023-07-27','Solve',100,' ',NULL),
(159,2,4,'2023-07-27','Rusak',56,'rusak',NULL),
(160,1,3,'2023-07-27','Solve',100,' ',NULL),
(161,2,5,'2023-07-27','Rusak',56,'rusak',NULL),
(162,1,1,'2023-07-27','Solve',100,' ',NULL),
(163,2,6,'2023-07-28','Rusak',78,'rusak',NULL),
(164,1,2,'2023-07-28','Solve',100,' ',NULL),
(165,2,4,'2023-07-28','Rusak',78,'rusak',NULL),
(166,1,3,'2023-07-28','Solve',100,' ',NULL),
(167,2,5,'2023-07-28','Rusak',78,'rusak',NULL),
(168,1,1,'2023-07-28','Solve',100,' ',NULL),
(169,2,6,'2023-07-29','Rusak',78,'rusak',NULL),
(170,1,2,'2023-07-29','Solve',100,' ',NULL),
(171,2,4,'2023-07-29','Rusak',78,'rusak',NULL),
(172,1,3,'2023-07-29','Solve',100,' ',NULL),
(173,2,5,'2023-07-29','Rusak',78,'rusak',NULL),
(174,1,1,'2023-07-29','Solve',100,' ',NULL),
(175,2,6,'2023-07-30','Rusak',78,'rusak',NULL),
(176,1,2,'2023-07-30','Solve',100,' ',NULL),
(177,2,4,'2023-07-30','Rusak',78,'rusak',NULL),
(178,1,3,'2023-07-30','Solve',100,' ',NULL),
(179,2,5,'2023-07-30','Rusak',78,'rusak',NULL),
(180,1,1,'2023-07-30','Solve',100,' ',NULL),
(181,2,6,'2023-07-31','Rusak',89,'rusak',NULL),
(182,1,2,'2023-07-31','Solve',100,' ',NULL),
(183,2,4,'2023-07-31','Rusak',89,'rusak',NULL),
(184,1,3,'2023-07-31','Solve',100,' ',NULL),
(185,2,5,'2023-07-31','Rusak',89,'rusak',NULL),
(186,1,1,'2023-07-31','Solve',100,' ',NULL),
(187,2,6,'2023-08-01','Rusak',11,'rusak',NULL),
(188,1,2,'2023-08-01','Rusak',43,'rusak',NULL),
(189,2,4,'2023-08-01','Rusak',11,'rusak',NULL),
(190,1,3,'2023-08-01','Rusak',100,'rusak',NULL),
(191,2,5,'2023-08-01','Rusak',11,'rusak',NULL),
(192,1,1,'2023-08-01','Rusak',43,'rusak',NULL),
(193,2,6,'2023-08-02','Rusak',22,'rusak',NULL),
(194,1,2,'2023-08-02','Rusak',57,'rusak',NULL),
(195,2,4,'2023-08-02','Solve',100,' ',NULL),
(196,1,3,'2023-08-02','Rusak',57,'rusak',NULL),
(197,2,5,'2023-08-02','Rusak',22,'rusak',NULL),
(198,1,1,'2023-08-02','Rusak',57,'rusak',NULL),
(199,2,6,'2023-08-03','Rusak',33,'rusak',NULL),
(200,1,2,'2023-08-03','Solve',100,' ',NULL),
(201,2,4,'2023-08-03','Solve',100,' ',NULL),
(202,1,3,'2023-08-03','Solve',100,' ',NULL),
(203,2,5,'2023-08-03','Rusak',33,'rusak',NULL),
(204,1,1,'2023-08-03','Solve',100,' ',NULL),
(205,2,6,'2023-08-04','Rusak',44,'rusak',NULL),
(206,1,2,'2023-08-04','Solve',100,' ',NULL),
(207,2,4,'2023-08-04','Solve',100,' ',NULL),
(208,1,3,'2023-08-04','Solve',100,' ',NULL),
(209,2,5,'2023-08-04','Rusak',44,'rusak',NULL),
(210,1,1,'2023-08-04','Solve',100,' ',NULL),
(211,2,6,'2023-08-05','Rusak',56,'rusak',NULL),
(212,1,2,'2023-08-05','Rusak',57,'rusak',NULL),
(213,2,4,'2023-08-05','Solve',100,' ',NULL),
(214,1,3,'2023-08-05','Rusak',14,'rusak',NULL),
(215,2,5,'2023-08-05','Rusak',56,'rusak',NULL),
(216,1,1,'2023-08-05','Rusak',14,'rusak',NULL),
(217,2,6,'2023-08-06','Rusak',67,'rusak',NULL),
(218,1,2,'2023-08-06','Solve',100,' ',NULL),
(219,2,4,'2023-08-06','Solve',100,' ',NULL),
(220,1,3,'2023-08-06','Solve',100,' ',NULL),
(221,2,5,'2023-08-06','Rusak',67,'rusak',NULL),
(222,1,1,'2023-08-06','Solve',100,' ',NULL),
(223,2,6,'2023-08-07','Rusak',78,'rusak',NULL),
(224,1,2,'2023-08-07','Solve',100,' ',NULL),
(225,2,4,'2023-08-07','Solve',100,' ',NULL),
(226,1,3,'2023-08-07','Solve',100,' ',NULL),
(227,2,5,'2023-08-07','Rusak',78,'rusak',NULL),
(228,1,1,'2023-08-07','Solve',100,' ',NULL),
(229,2,6,'2023-08-08','Solve',89,' ',NULL),
(230,1,2,'2023-08-08','Solve',100,' ',NULL),
(231,2,4,'2023-08-08','Solve',89,' ',NULL),
(232,1,3,'2023-08-08','Solve',100,' ',NULL),
(233,2,5,'2023-08-08','Solve',89,' ',NULL),
(234,1,1,'2023-08-08','Solve',100,' ',NULL),
(235,2,6,'2023-08-09','Solve',100,' ',NULL),
(236,1,2,'2023-08-09','Solve',100,' ',NULL),
(237,2,4,'2023-08-09','Solve',100,' ',NULL),
(238,1,3,'2023-08-09','Solve',100,' ',NULL),
(239,2,5,'2023-08-09','Solve',100,' ',NULL),
(240,1,1,'2023-08-09','Solve',100,' ',NULL),
(241,2,6,'2023-08-10','Solve',100,' ',NULL),
(242,1,2,'2023-08-10','Solve',100,' ',NULL),
(243,2,4,'2023-08-10','Solve',100,' ',NULL),
(244,1,3,'2023-08-10','Solve',100,' ',NULL),
(245,2,5,'2023-08-10','Solve',100,' ',NULL),
(246,1,1,'2023-08-10','Solve',100,' ',NULL),
(247,2,6,'2023-08-11','Solve',100,' ',NULL),
(248,1,2,'2023-08-11','Solve',100,' ',NULL),
(249,2,4,'2023-08-11','Solve',100,' ',NULL),
(250,1,3,'2023-08-11','Solve',100,' ',NULL),
(251,2,5,'2023-08-11','Solve',100,' ',NULL),
(252,1,1,'2023-08-11','Solve',86,' ',NULL),
(253,2,6,'2023-08-12','Solve',100,' ',NULL),
(254,1,2,'2023-08-12','Solve',100,' ',NULL),
(255,2,4,'2023-08-12','Solve',100,' ',NULL),
(256,1,3,'2023-08-12','Solve',100,' ',NULL),
(257,2,5,'2023-08-12','Solve',100,' ',NULL),
(258,1,1,'2023-08-12','Solve',86,' ',NULL),
(259,2,6,'2023-08-13','Solve',100,' ',NULL),
(260,1,2,'2023-08-13','Rusak',71,'rusak',NULL),
(261,2,4,'2023-08-13','Solve',100,' ',NULL),
(262,1,3,'2023-08-13','Rusak',29,'rusak',NULL),
(263,2,5,'2023-08-13','Solve',100,' ',NULL),
(264,1,1,'2023-08-13','Rusak',29,'rusak',NULL),
(265,2,6,'2023-08-14','Solve',100,' ',NULL),
(266,1,2,'2023-08-14','Rusak',43,'rusak',NULL),
(267,2,4,'2023-08-14','Solve',100,' ',NULL),
(268,1,3,'2023-08-14','Rusak',100,'rusak',NULL),
(269,2,5,'2023-08-14','Solve',100,' ',NULL),
(270,1,1,'2023-08-14','Rusak',43,'rusak',NULL),
(271,2,6,'2023-08-15','Solve',100,' ',NULL),
(272,1,2,'2023-08-15','Rusak',57,'rusak',NULL),
(273,2,4,'2023-08-15','Solve',100,' ',NULL),
(274,1,3,'2023-08-15','Rusak',14,'rusak',NULL),
(275,2,5,'2023-08-15','Solve',100,' ',NULL),
(276,1,1,'2023-08-15','Rusak',14,'rusak',NULL),
(277,2,6,'2023-08-16','Solve',100,' ',NULL),
(278,1,2,'2023-08-16','Rusak',57,'rusak',NULL),
(279,2,4,'2023-08-16','Solve',100,' ',NULL),
(280,1,3,'2023-08-16','Rusak',14,'rusak',NULL),
(281,2,5,'2023-08-16','Solve',100,' ',NULL),
(282,1,1,'2023-08-16','Rusak',14,'rusak',NULL),
(283,2,6,'2023-08-17','Solve',100,' ',NULL),
(284,1,2,'2023-08-17','Rusak',57,'rusak',NULL),
(285,2,4,'2023-08-17','Solve',100,' ',NULL),
(286,1,3,'2023-08-17','Rusak',57,'rusak',NULL),
(287,2,5,'2023-08-17','Solve',100,' ',NULL),
(288,1,1,'2023-08-17','Rusak',57,'rusak',NULL),
(289,2,6,'2023-08-18','Solve',100,' ',NULL),
(290,1,2,'2023-08-18','Rusak',71,'rusak',NULL),
(291,2,4,'2023-08-18','Solve',100,' ',NULL),
(292,1,3,'2023-08-18','Rusak',71,'rusak',NULL),
(293,2,5,'2023-08-18','Solve',100,' ',NULL),
(294,1,1,'2023-08-18','Rusak',71,'rusak',NULL),
(295,2,6,'2023-08-19','Solve',100,' ',NULL),
(296,1,2,'2023-08-19','Rusak',57,'rusak',NULL),
(297,2,4,'2023-08-19','Solve',100,' ',NULL),
(298,1,3,'2023-08-19','Rusak',57,'rusak',NULL),
(299,2,5,'2023-08-19','Solve',100,' ',NULL),
(300,1,1,'2023-08-19','Rusak',57,'rusak',NULL),
(301,2,6,'2023-08-20','Rusak',78,'rusak',NULL),
(302,1,2,'2023-08-20','Solve',100,' ',NULL),
(303,2,4,'2023-08-20','Rusak',78,'rusak',NULL),
(304,1,3,'2023-08-20','Solve',100,' ',NULL),
(305,2,5,'2023-08-20','Rusak',78,'rusak',NULL),
(306,1,1,'2023-08-20','Solve',100,' ',NULL),
(307,2,6,'2023-08-21','Rusak',67,'rusak',NULL),
(308,1,2,'2023-08-21','Rusak',71,'rusak',NULL),
(309,2,4,'2023-08-21','Rusak',67,'rusak',NULL),
(310,1,3,'2023-08-21','Rusak',29,'rusak',NULL),
(311,2,5,'2023-08-21','Rusak',67,'rusak',NULL),
(312,1,1,'2023-08-21','Rusak',29,'rusak',NULL),
(313,2,6,'2023-08-22','Rusak',67,'rusak',NULL),
(314,1,2,'2023-08-22','Rusak',71,'rusak',NULL),
(315,2,4,'2023-08-22','Rusak',67,'rusak',NULL),
(316,1,3,'2023-08-22','Rusak',29,'rusak',NULL),
(317,2,5,'2023-08-22','Rusak',67,'rusak',NULL),
(318,1,1,'2023-08-22','Rusak',29,'rusak',NULL),
(319,2,6,'2023-08-23','Rusak',67,'rusak',NULL),
(320,1,2,'2023-08-23','Solve',100,' ',NULL),
(321,2,4,'2023-08-23','Rusak',67,'rusak',NULL),
(322,1,3,'2023-08-23','Solve',100,' ',NULL),
(323,2,5,'2023-08-23','Rusak',67,'rusak',NULL),
(324,1,1,'2023-08-23','Solve',86,' ',NULL),
(325,2,6,'2023-08-24','Rusak',67,'rusak',NULL),
(326,1,2,'2023-08-24','Solve',100,' ',NULL),
(327,2,4,'2023-08-24','Rusak',67,'rusak',NULL),
(328,1,3,'2023-08-24','Solve',100,' ',NULL),
(329,2,5,'2023-08-24','Rusak',67,'rusak',NULL),
(330,1,1,'2023-08-24','Solve',100,' ',NULL),
(331,2,6,'2023-08-25','Rusak',22,'rusak',NULL),
(332,1,2,'2023-08-25','Solve',100,' ',NULL),
(333,2,4,'2023-08-25','Rusak',22,'rusak',NULL),
(334,1,3,'2023-08-25','Solve',100,' ',NULL),
(335,2,5,'2023-08-25','Rusak',22,'rusak',NULL),
(336,1,1,'2023-08-25','Solve',100,' ',NULL),
(337,2,6,'2023-08-26','Rusak',11,'rusak',NULL),
(338,1,2,'2023-08-26','Rusak',71,'rusak',NULL),
(339,2,4,'2023-08-26','Rusak',11,'rusak',NULL),
(340,1,3,'2023-08-26','Rusak',29,'rusak',NULL),
(341,2,5,'2023-08-26','Rusak',11,'rusak',NULL),
(342,1,1,'2023-08-26','Rusak',29,'rusak',NULL),
(343,2,6,'2023-08-27','Rusak',11,'rusak',NULL),
(344,1,2,'2023-08-27','Solve',100,' ',NULL),
(345,2,4,'2023-08-27','Rusak',11,'rusak',NULL),
(346,1,3,'2023-08-27','Solve',100,' ',NULL),
(347,2,5,'2023-08-27','Rusak',11,'rusak',NULL),
(348,1,1,'2023-08-27','Solve',100,' ',NULL),
(349,2,6,'2023-08-28','Rusak',11,'rusak',NULL),
(350,1,2,'2023-08-28','Rusak',57,'rusak',NULL),
(351,2,4,'2023-08-28','Rusak',11,'rusak',NULL),
(352,1,3,'2023-08-28','Rusak',14,'rusak',NULL),
(353,2,5,'2023-08-28','Rusak',11,'rusak',NULL),
(354,1,1,'2023-08-28','Rusak',14,'rusak',NULL),
(355,2,6,'2023-08-29','Rusak',78,'rusak',NULL),
(356,1,2,'2023-08-29','Solve',100,' ',NULL),
(357,2,4,'2023-08-29','Rusak',78,'rusak',NULL),
(358,1,3,'2023-08-29','Solve',100,' ',NULL),
(359,2,5,'2023-08-29','Rusak',78,'rusak',NULL),
(360,1,1,'2023-08-29','Solve',86,' ',NULL),
(361,2,6,'2023-08-30','Rusak',78,'rusak',NULL),
(362,1,2,'2023-08-30','Solve',100,' ',NULL),
(363,2,4,'2023-08-30','Rusak',78,'rusak',NULL),
(364,1,3,'2023-08-30','Solve',100,' ',NULL),
(365,2,5,'2023-08-30','Rusak',78,'rusak',NULL),
(366,1,1,'2023-08-30','Solve',100,' ',NULL),
(367,2,6,'2023-08-31','Solve',100,' ',NULL),
(368,1,2,'2023-08-31','Solve',100,' ',NULL),
(369,2,4,'2023-08-31','Solve',100,' ',NULL),
(370,1,3,'2023-08-31','Solve',100,' ',NULL),
(371,2,5,'2023-08-31','Solve',100,' ',NULL),
(372,1,1,'2023-08-31','Solve',86,' ',NULL),
(373,1,1,'2023-09-01','Rusak',14,'3 Main Unit Rusak',NULL),
(374,2,6,'2023-09-01','',100,'',NULL),
(375,1,2,'2023-09-01','Rusak',57,'3 Main Unit Rusak',NULL),
(376,2,4,'2023-09-01','Solve',100,' ',NULL),
(377,1,3,'2023-09-01','Rusak',14,'3 Main Unit Rusak',NULL),
(378,2,5,'2023-09-01','',100,'',NULL),
(379,1,1,'2023-09-02','Rusak',14,'3 Main Unit Rusak',NULL),
(380,2,6,'2023-09-02',NULL,100,NULL,NULL),
(381,1,2,'2023-09-02','Rusak',57,'3 Main Unit Rusak',NULL),
(382,2,4,'2023-09-02','Solve',100,' ',NULL),
(383,1,3,'2023-09-02','Rusak',14,'3 Main Unit Rusak',NULL),
(384,2,5,'2023-09-02',NULL,100,NULL,NULL),
(385,1,1,'2023-09-03','Rusak',14,'3 Main Unit Rusak',NULL),
(386,2,6,'2023-09-03',NULL,89,NULL,NULL),
(387,1,2,'2023-09-03','Rusak',57,'3 Main Unit Rusak',NULL),
(388,2,4,'2023-09-03','Solve',89,' ',NULL),
(389,1,3,'2023-09-03','Rusak',14,'3 Main Unit Rusak',NULL),
(390,2,5,'2023-09-03',NULL,89,NULL,NULL),
(391,1,1,'2023-09-04','Rusak',57,'3 Main Unit Rusak',NULL),
(392,2,6,'2023-09-04','Rusak',22,'Tidak bekerja dengan baik',NULL),
(393,1,2,'2023-09-04','Rusak',57,'3 Main Unit Rusak',NULL),
(394,2,4,'2023-09-04','Rusak',22,'Tidak bekerja dengan baik',NULL),
(395,1,3,'2023-09-04','Rusak',57,'3 Main Unit Rusak',NULL),
(396,2,5,'2023-09-04','Rusak',22,'Tidak bekerja dengan baik',NULL),
(397,1,1,'2023-09-05','Rusak',57,'3 Main Unit Rusak',NULL),
(398,2,6,'2023-09-05','Rusak',33,'5 Unit rusak',NULL),
(399,1,2,'2023-09-05','Rusak',57,'3 Main Unit Rusak',NULL),
(400,2,4,'2023-09-05','Rusak',33,'5 Unit rusak',NULL),
(401,1,3,'2023-09-05','Rusak',57,'3 Main Unit Rusak',NULL),
(402,2,5,'2023-09-05','Rusak',33,'5 Unit rusak',NULL),
(403,1,1,'2023-09-06','Rusak',57,'3 Main Unit Rusak',NULL),
(404,2,6,'2023-09-06',NULL,100,'',NULL),
(405,1,2,'2023-09-06','Rusak',57,'3 Main Unit Rusak',NULL),
(406,2,4,'2023-09-06','Solve',100,' ',NULL),
(407,1,3,'2023-09-06','Rusak',57,'3 Main Unit Rusak',NULL),
(408,2,5,'2023-09-06',NULL,100,'',NULL),
(409,1,1,'2023-09-07','Rusak',57,'3 Main Unit Rusak',NULL),
(410,2,6,'2023-09-07','Rusak',67,'3 unit rusak',NULL),
(411,1,2,'2023-09-07','Rusak',57,'3 Main Unit Rusak',NULL),
(412,2,4,'2023-09-07','Rusak',67,'3 unit rusak',NULL),
(413,1,3,'2023-09-07','Rusak',57,'3 Main Unit Rusak',NULL),
(414,2,5,'2023-09-07','Rusak',67,'3 unit rusak',NULL),
(415,1,1,'2023-09-08','Rusak',57,'3 Main Unit Rusak',NULL),
(416,2,6,'2023-09-08','Solve',100,' ',NULL),
(417,1,2,'2023-09-08','Rusak',57,'3 Main Unit Rusak',NULL),
(418,2,4,'2023-09-08','Solve',100,' ',NULL),
(419,1,3,'2023-09-08','Rusak',57,'3 Main Unit Rusak',NULL),
(420,2,5,'2023-09-08','Solve',100,' ',NULL),
(421,1,1,'2023-09-09','Rusak',57,'3 Main Unit Rusak',NULL),
(422,2,6,'2023-09-09',NULL,89,'-',NULL),
(423,1,2,'2023-09-09','Rusak',57,'3 Main Unit Rusak',NULL),
(424,2,4,'2023-09-09','Solve',89,'-',NULL),
(425,1,3,'2023-09-09','Rusak',57,'3 Main Unit Rusak',NULL),
(426,2,5,'2023-09-09',NULL,89,'-',NULL),
(427,1,1,'2023-09-10','Rusak',57,'3 Main Unit Rusak',NULL),
(428,2,6,'2023-09-10','Rusak',44,'3 unit rusak',NULL),
(429,1,2,'2023-09-10','Rusak',57,'3 Main Unit Rusak',NULL),
(430,2,4,'2023-09-10','Rusak',44,'3 unit rusak',NULL),
(431,1,3,'2023-09-10','Rusak',57,'3 Main Unit Rusak',NULL),
(432,2,5,'2023-09-10','Rusak',44,'3 unit rusak',NULL),
(433,1,1,'2023-09-11',NULL,100,NULL,NULL),
(434,2,6,'2023-09-11','Solve',100,' ',NULL),
(435,1,2,'2023-09-11',NULL,100,NULL,NULL),
(436,2,4,'2023-09-11','Solve',100,' ',NULL),
(437,1,3,'2023-09-11',NULL,100,NULL,NULL),
(438,2,5,'2023-09-11','Solve',100,' ',NULL),
(439,1,1,'2023-09-12',NULL,100,NULL,NULL),
(440,2,6,'2023-09-12','Solve',100,' ',NULL),
(441,1,2,'2023-09-12',NULL,100,NULL,NULL),
(442,2,4,'2023-09-12','Solve',100,' ',NULL),
(443,1,3,'2023-09-12',NULL,100,NULL,NULL),
(444,2,5,'2023-09-12','Solve',100,' ',NULL),
(445,1,1,'2023-09-13',NULL,100,NULL,NULL),
(446,2,6,'2023-09-13','Solve',100,' ',NULL),
(447,1,2,'2023-09-13',NULL,100,NULL,NULL),
(448,2,4,'2023-09-13','Solve',100,' ',NULL),
(449,1,3,'2023-09-13',NULL,100,NULL,NULL),
(450,2,5,'2023-09-13','Solve',100,' ',NULL),
(451,1,1,'2023-09-14',NULL,100,NULL,NULL),
(452,2,6,'2023-09-14','Solve',100,' ',NULL),
(453,1,2,'2023-09-14',NULL,100,NULL,NULL),
(454,2,4,'2023-09-14','Solve',100,' ',NULL),
(455,1,3,'2023-09-14',NULL,100,NULL,NULL),
(456,2,5,'2023-09-14','Solve',100,' ',NULL),
(457,1,1,'2023-09-15',NULL,100,NULL,NULL),
(458,2,6,'2023-09-15','Solve',100,' ',NULL),
(459,1,2,'2023-09-15',NULL,100,NULL,NULL),
(460,2,4,'2023-09-15','Solve',100,' ',NULL),
(461,1,3,'2023-09-15',NULL,100,NULL,NULL),
(462,2,5,'2023-09-15','Solve',100,' ',NULL),
(463,1,1,'2023-09-16',NULL,100,NULL,NULL),
(464,2,6,'2023-09-16','Solve',100,' ',NULL),
(465,1,2,'2023-09-16',NULL,100,NULL,NULL),
(466,2,4,'2023-09-16','Solve',100,' ',NULL),
(467,1,3,'2023-09-16',NULL,100,NULL,NULL),
(468,2,5,'2023-09-16','Solve',100,' ',NULL),
(469,1,1,'2023-09-17','Rusak',80,'3 Main Unit Rusak',NULL),
(470,2,6,'2023-09-17','Solve',100,' ',NULL),
(471,1,2,'2023-09-17','Rusak',80,'3 Main Unit Rusak',NULL),
(472,2,4,'2023-09-17','Solve',100,' ',NULL),
(473,1,3,'2023-09-17','Rusak',80,'3 Main Unit Rusak',NULL),
(474,2,5,'2023-09-17','Solve',100,' ',NULL),
(475,1,1,'2023-09-18',NULL,100,NULL,NULL),
(476,2,6,'2023-09-18','Solve',100,' ',NULL),
(477,1,2,'2023-09-18',NULL,100,NULL,NULL),
(478,2,4,'2023-09-18','Solve',100,' ',NULL),
(479,1,3,'2023-09-18',NULL,100,NULL,NULL),
(480,2,5,'2023-09-18','Solve',100,' ',NULL),
(481,1,1,'2023-09-19',NULL,100,NULL,NULL),
(482,2,6,'2023-09-19','Solve',100,' ',NULL),
(483,1,2,'2023-09-19',NULL,100,NULL,NULL),
(484,2,4,'2023-09-19','Solve',100,' ',NULL),
(485,1,3,'2023-09-19',NULL,100,NULL,NULL),
(486,2,5,'2023-09-19','Solve',100,' ',NULL),
(487,1,1,'2023-09-20','Rusak',14,'3 Main Unit Rusak',NULL),
(488,2,6,'2023-09-20','Rusak',78,'rusak',NULL),
(489,1,2,'2023-09-20','Rusak',57,'3 Main Unit Rusak',NULL),
(490,2,4,'2023-09-20','Rusak',78,'rusak',NULL),
(491,1,3,'2023-09-20','Rusak',14,'3 Main Unit Rusak',NULL),
(492,2,5,'2023-09-20','Rusak',78,'rusak',NULL),
(493,1,1,'2023-09-21',NULL,100,NULL,NULL),
(494,2,6,'2023-09-21','Rusak',67,'rusak',NULL),
(495,1,2,'2023-09-21',NULL,100,NULL,NULL),
(496,2,4,'2023-09-21','Rusak',67,'rusak',NULL),
(497,1,3,'2023-09-21',NULL,100,NULL,NULL),
(498,2,5,'2023-09-21','Rusak',67,'rusak',NULL),
(499,1,1,'2023-09-22',NULL,100,NULL,NULL),
(500,2,6,'2023-09-22','Rusak',67,'rusak',NULL),
(501,1,2,'2023-09-22',NULL,100,NULL,NULL),
(502,2,4,'2023-09-22','Rusak',67,'rusak',NULL),
(503,1,3,'2023-09-22',NULL,100,NULL,NULL),
(504,2,5,'2023-09-22','Rusak',67,'rusak',NULL),
(505,1,1,'2023-09-23','Rusak',57,'3 Main Unit Rusak',NULL),
(506,2,6,'2023-09-23','Rusak',67,'rusak',NULL),
(507,1,2,'2023-09-23','Rusak',57,'3 Main Unit Rusak',NULL),
(508,2,4,'2023-09-23','Rusak',67,'rusak',NULL),
(509,1,3,'2023-09-23','Rusak',57,'3 Main Unit Rusak',NULL),
(510,2,5,'2023-09-23','Rusak',67,'rusak',NULL),
(511,1,1,'2023-09-24','Rusak',71,'3 Main Unit Rusak',NULL),
(512,2,6,'2023-09-24','Rusak',67,'rusak',NULL),
(513,1,2,'2023-09-24','Rusak',71,'3 Main Unit Rusak',NULL),
(514,2,4,'2023-09-24','Rusak',67,'rusak',NULL),
(515,1,3,'2023-09-24','Rusak',71,'3 Main Unit Rusak',NULL),
(516,2,5,'2023-09-24','Rusak',67,'rusak',NULL),
(517,1,1,'2023-09-25',NULL,100,NULL,NULL),
(518,2,6,'2023-09-25','Rusak',22,'rusak',NULL),
(519,1,2,'2023-09-25',NULL,100,NULL,NULL),
(520,2,4,'2023-09-25','Rusak',22,'rusak',NULL),
(521,1,3,'2023-09-25',NULL,100,NULL,NULL),
(522,2,5,'2023-09-25','Rusak',22,'rusak',NULL),
(523,1,1,'2023-09-26','Rusak',57,'3 Main Unit Rusak',NULL),
(524,2,6,'2023-09-26','Rusak',11,'rusak',NULL),
(525,1,2,'2023-09-26','Rusak',57,'3 Main Unit Rusak',NULL),
(526,2,4,'2023-09-26','Rusak',11,'rusak',NULL),
(527,1,3,'2023-09-26','Rusak',57,'3 Main Unit Rusak',NULL),
(528,2,5,'2023-09-26','Rusak',11,'rusak',NULL),
(529,1,1,'2023-09-27','Rusak',57,'3 Main Unit Rusak',NULL),
(530,2,6,'2023-09-27','Rusak',11,'rusak',NULL),
(531,1,2,'2023-09-27','Rusak',57,'3 Main Unit Rusak',NULL),
(532,2,4,'2023-09-27','Rusak',11,'rusak',NULL),
(533,1,3,'2023-09-27','Rusak',57,'3 Main Unit Rusak',NULL),
(534,2,5,'2023-09-27','Rusak',11,'rusak',NULL),
(535,1,1,'2023-09-28','Rusak',14,'3 Main Unit Rusak',NULL),
(536,2,6,'2023-09-28','Rusak',11,'rusak',NULL),
(537,1,2,'2023-09-28','Rusak',57,'3 Main Unit Rusak',NULL),
(538,2,4,'2023-09-28','Rusak',11,'rusak',NULL),
(539,1,3,'2023-09-28','Rusak',57,'3 Main Unit Rusak',NULL),
(540,2,5,'2023-09-28','Rusak',11,'rusak',NULL),
(541,1,1,'2023-09-29','Rusak',14,'3 Main Unit Rusak',NULL),
(542,2,6,'2023-09-29','Rusak',78,'rusak',NULL),
(543,1,2,'2023-09-29','Rusak',57,'3 Main Unit Rusak',NULL),
(544,2,4,'2023-09-29','Rusak',78,'rusak',NULL),
(545,1,3,'2023-09-29','Rusak',57,'3 Main Unit Rusak',NULL),
(546,2,5,'2023-09-29','Rusak',78,'rusak',NULL),
(547,1,1,'2023-09-30','',100,'',NULL),
(548,2,6,'2023-09-30','Rusak',78,'rusak',NULL),
(549,1,2,'2023-09-30','',100,'',NULL),
(550,2,4,'2023-09-30','Rusak',78,'rusak',NULL),
(551,1,3,'2023-09-30','',100,'',NULL),
(552,2,5,'2023-09-30','Rusak',78,'rusak',NULL),
(553,2,6,'2023-09-31','Solve',100,' ',NULL),
(554,2,4,'2023-09-31','Solve',100,' ',NULL),
(555,2,5,'2023-09-31','Solve',100,' ',NULL),
(556,2,6,'2023-10-01','Rusak',11,'rusak',NULL),
(557,1,2,'2023-10-01','Rusak',43,'rusak',NULL),
(558,1,1,'2023-10-01','Rusak',43,'rusak',NULL),
(559,2,4,'2023-10-01','Rusak',11,'rusak',NULL),
(560,1,3,'2023-10-01','Rusak',100,'rusak',NULL),
(561,2,5,'2023-10-01','Rusak',11,'rusak',NULL),
(562,2,6,'2023-10-02','Rusak',22,'rusak',NULL),
(563,1,2,'2023-10-02','Rusak',57,'rusak',NULL),
(564,1,1,'2023-10-02','Rusak',57,'rusak',NULL),
(565,2,4,'2023-10-02','Rusak',22,'rusak',NULL),
(566,1,3,'2023-10-02','Rusak',57,'rusak',NULL),
(567,2,5,'2023-10-02','Rusak',22,'rusak',NULL),
(568,2,6,'2023-10-03','Rusak',33,'rusak',NULL),
(569,1,2,'2023-10-03','Solve',100,' ',NULL),
(570,1,1,'2023-10-03','Solve',100,' ',NULL),
(571,2,4,'2023-10-03','Rusak',33,'rusak',NULL),
(572,1,3,'2023-10-03','Solve',100,' ',NULL),
(573,2,5,'2023-10-03','Rusak',33,'rusak',NULL),
(574,1,1,'2023-10-04','Rusak',29,'rusak lieurr','651f7cc447296.png'),
(575,2,6,'2023-10-04','Rusak',44,'rusak',NULL),
(576,1,2,'2023-10-04','Rusak',71,'rusak lieurr','651f7cc447296.png'),
(577,1,2,'2023-10-04','Solve',100,' ',NULL),
(578,1,1,'2023-10-04','Solve',100,' ',NULL),
(579,2,4,'2023-10-04','Rusak',44,'rusak',NULL),
(580,1,3,'2023-10-04','Rusak',29,'rusak lieurr','651f7cc447296.png'),
(581,1,3,'2023-10-04','Solve',100,' ',NULL),
(582,2,5,'2023-10-04','Rusak',44,'rusak',NULL),
(583,2,6,'2023-10-05','Rusak',56,'rusak',NULL),
(584,1,2,'2023-10-05','Rusak',57,'rusak',NULL),
(585,1,1,'2023-10-05','Rusak',14,'rusak',NULL),
(586,2,4,'2023-10-05','Rusak',56,'rusak',NULL),
(587,1,3,'2023-10-05','Rusak',57,'rusak',NULL),
(588,2,5,'2023-10-05','Rusak',56,'rusak',NULL),
(589,2,6,'2023-10-06','Rusak',67,'rusak',NULL),
(590,1,2,'2023-10-06','Solve',100,' ',NULL),
(591,1,1,'2023-10-06','Solve',100,' ',NULL),
(592,2,4,'2023-10-06','Rusak',67,'rusak',NULL),
(593,1,3,'2023-10-06','Solve',100,' ',NULL),
(594,2,5,'2023-10-06','Rusak',67,'rusak',NULL),
(595,2,6,'2023-10-07','Rusak',78,'rusak',NULL),
(596,1,2,'2023-10-07','Solve',100,' ',NULL),
(597,1,1,'2023-10-07','Solve',100,' ',NULL),
(598,2,4,'2023-10-07','Rusak',78,'rusak',NULL),
(599,1,3,'2023-10-07','Solve',100,' ',NULL),
(600,2,5,'2023-10-07','Rusak',78,'rusak',NULL),
(601,2,6,'2023-10-08','Solve',89,' ',NULL),
(602,1,2,'2023-10-08','Solve',100,' ',NULL),
(603,1,1,'2023-10-08','Solve',100,' ',NULL),
(604,2,4,'2023-10-08','Solve',89,' ',NULL),
(605,1,3,'2023-10-08','Solve',100,' ',NULL),
(606,2,5,'2023-10-08','Solve',89,' ',NULL),
(607,2,6,'2023-10-09','Solve',100,' ',NULL),
(608,1,2,'2023-10-09','Solve',100,' ',NULL),
(609,1,1,'2023-10-09','Solve',100,' ',NULL),
(610,2,4,'2023-10-09','Solve',100,' ',NULL),
(611,1,3,'2023-10-09','Solve',100,' ',NULL),
(612,2,5,'2023-10-09','Solve',100,' ',NULL),
(613,2,6,'2023-10-10','Solve',100,' ',NULL),
(614,1,2,'2023-10-10','Solve',100,' ',NULL),
(615,1,1,'2023-10-10','Solve',100,' ',NULL),
(616,2,4,'2023-10-10','Solve',100,' ',NULL),
(617,1,3,'2023-10-10','Solve',100,' ',NULL),
(618,2,5,'2023-10-10','Solve',100,' ',NULL),
(619,2,6,'2023-10-11','Solve',100,' ',NULL),
(620,1,2,'2023-10-11','Solve',100,' ',NULL),
(621,1,1,'2023-10-11','Solve',86,' ',NULL),
(622,2,4,'2023-10-11','Solve',100,' ',NULL),
(623,1,3,'2023-10-11','Solve',100,' ',NULL),
(624,2,5,'2023-10-11','Solve',100,' ',NULL),
(625,2,6,'2023-10-12','Solve',100,' ',NULL),
(626,1,2,'2023-10-12','Solve',100,' ',NULL),
(627,1,1,'2023-10-12','Solve',86,' ',NULL),
(628,2,4,'2023-10-12','Solve',100,' ',NULL),
(629,1,3,'2023-10-12','Solve',100,' ',NULL),
(630,2,5,'2023-10-12','Solve',100,' ',NULL),
(631,2,6,'2023-10-13','Solve',100,' ',NULL),
(632,1,2,'2023-10-13','Rusak',71,'rusak',NULL),
(633,1,1,'2023-10-13','Rusak',29,'rusak',NULL),
(634,2,4,'2023-10-13','Solve',100,' ',NULL),
(635,1,3,'2023-10-13','Rusak',57,'rusak',NULL),
(636,2,5,'2023-10-13','Solve',100,' ',NULL),
(637,2,6,'2023-10-14','Solve',100,' ',NULL),
(638,1,2,'2023-10-14','Rusak',43,'rusak',NULL),
(639,1,1,'2023-10-14','Rusak',43,'rusak',NULL),
(640,2,4,'2023-10-14','Solve',100,' ',NULL),
(641,1,3,'2023-10-14','Rusak',100,'rusak',NULL),
(642,2,5,'2023-10-14','Solve',100,' ',NULL),
(643,2,6,'2023-10-15','Solve',100,' ',NULL),
(644,1,2,'2023-10-15','Rusak',57,'rusak',NULL),
(645,1,1,'2023-10-15','Rusak',14,'rusak',NULL),
(646,2,4,'2023-10-15','Solve',100,' ',NULL),
(647,1,3,'2023-10-15','Rusak',14,'rusak',NULL),
(648,2,5,'2023-10-15','Solve',100,' ',NULL),
(649,2,6,'2023-10-16','Solve',100,' ',NULL),
(650,1,2,'2023-10-16','Rusak',57,'rusak',NULL),
(651,1,1,'2023-10-16','Rusak',14,'rusak',NULL),
(652,2,4,'2023-10-16','Solve',100,' ',NULL),
(653,1,3,'2023-10-16','Rusak',14,'rusak',NULL),
(654,2,5,'2023-10-16','Solve',100,' ',NULL),
(655,2,6,'2023-10-17','Solve',100,' ',NULL),
(656,1,2,'2023-10-17','Rusak',57,'rusak',NULL),
(657,1,1,'2023-10-17','Rusak',57,'rusak',NULL),
(658,2,4,'2023-10-17','Solve',100,' ',NULL),
(659,1,3,'2023-10-17','Rusak',57,'rusak',NULL),
(660,2,5,'2023-10-17','Solve',100,' ',NULL),
(661,2,6,'2023-10-18','Solve',100,' ',NULL),
(662,1,2,'2023-10-18','Rusak',71,'rusak',NULL),
(663,1,1,'2023-10-18','Rusak',71,'rusak',NULL),
(664,2,4,'2023-10-18','Solve',100,' ',NULL),
(665,1,3,'2023-10-18','Rusak',71,'rusak',NULL),
(666,2,5,'2023-10-18','Solve',100,' ',NULL),
(667,2,6,'2023-10-19','Solve',100,' ',NULL),
(668,1,2,'2023-10-19','Rusak',57,'rusak',NULL),
(669,1,1,'2023-10-19','Rusak',57,'rusak',NULL),
(670,2,4,'2023-10-19','Solve',100,' ',NULL),
(671,1,3,'2023-10-19','Rusak',57,'rusak',NULL),
(672,2,5,'2023-10-19','Solve',100,' ',NULL),
(673,2,6,'2023-10-20','Rusak',78,'rusak',NULL),
(674,1,2,'2023-10-20','Solve',100,' ',NULL),
(675,1,1,'2023-10-20','Solve',100,' ',NULL),
(676,2,4,'2023-10-20','Rusak',78,'rusak',NULL),
(677,1,3,'2023-10-20','Solve',100,' ',NULL),
(678,2,5,'2023-10-20','Rusak',78,'rusak',NULL),
(679,2,6,'2023-10-21','Rusak',67,'rusak',NULL),
(680,1,2,'2023-10-21','Rusak',71,'rusak',NULL),
(681,1,1,'2023-10-21','Rusak',29,'rusak',NULL),
(682,2,4,'2023-10-21','Rusak',67,'rusak',NULL),
(683,1,3,'2023-10-21','Rusak',29,'rusak',NULL),
(684,2,5,'2023-10-21','Rusak',67,'rusak',NULL),
(685,2,6,'2023-10-22','Rusak',67,'rusak',NULL),
(686,1,2,'2023-10-22','Rusak',71,'rusak',NULL),
(687,1,1,'2023-10-22','Rusak',29,'rusak',NULL),
(688,2,4,'2023-10-22','Rusak',67,'rusak',NULL),
(689,1,3,'2023-10-22','Rusak',29,'rusak',NULL),
(690,2,5,'2023-10-22','Rusak',67,'rusak',NULL),
(691,2,6,'2023-10-23','Rusak',67,'rusak',NULL),
(692,1,2,'2023-10-23','Solve',100,' ',NULL),
(693,1,1,'2023-10-23','Solve',86,' ',NULL),
(694,2,4,'2023-10-23','Rusak',67,'rusak',NULL),
(695,1,3,'2023-10-23','Solve',100,' ',NULL),
(696,2,5,'2023-10-23','Rusak',67,'rusak',NULL),
(697,2,6,'2023-10-24','Rusak',67,'rusak',NULL),
(698,1,2,'2023-10-24','Solve',100,' ',NULL),
(699,1,1,'2023-10-24','Solve',100,' ',NULL),
(700,2,4,'2023-10-24','Rusak',67,'rusak',NULL),
(701,1,3,'2023-10-24','Solve',100,' ',NULL),
(702,2,5,'2023-10-24','Rusak',67,'rusak',NULL),
(703,2,6,'2023-10-25','Rusak',22,'rusak',NULL),
(704,1,2,'2023-10-25','Solve',100,' ',NULL),
(705,1,1,'2023-10-25','Solve',100,' ',NULL),
(706,2,4,'2023-10-25','Rusak',22,'rusak',NULL),
(707,1,3,'2023-10-25','Solve',100,' ',NULL),
(708,2,5,'2023-10-25','Rusak',22,'rusak',NULL),
(709,2,6,'2023-10-26','Rusak',11,'rusak',NULL),
(710,1,2,'2023-10-26','Rusak',71,'rusak',NULL),
(711,1,1,'2023-10-26','Rusak',29,'rusak',NULL),
(712,2,4,'2023-10-26','Rusak',11,'rusak',NULL),
(713,1,3,'2023-10-26','Rusak',29,'rusak',NULL),
(714,2,5,'2023-10-26','Rusak',11,'rusak',NULL),
(715,2,6,'2023-10-27','Rusak',11,'rusak',NULL),
(716,1,2,'2023-10-27','Solve',100,' ',NULL),
(717,1,1,'2023-10-27','Solve',100,' ',NULL),
(718,2,4,'2023-10-27','Rusak',11,'rusak',NULL),
(719,1,3,'2023-10-27','Solve',100,' ',NULL),
(720,2,5,'2023-10-27','Rusak',11,'rusak',NULL),
(721,2,6,'2023-10-28','Rusak',11,'rusak',NULL),
(722,1,2,'2023-10-28','Rusak',57,'rusak',NULL),
(723,1,1,'2023-10-28','Rusak',14,'rusak',NULL),
(724,2,4,'2023-10-28','Rusak',11,'rusak',NULL),
(725,1,3,'2023-10-28','Rusak',14,'rusak',NULL),
(726,2,5,'2023-10-28','Rusak',11,'rusak',NULL),
(727,2,6,'2023-10-29','Rusak',78,'rusak',NULL),
(728,1,2,'2023-10-29','Solve',100,' ',NULL),
(729,1,1,'2023-10-29','Solve',86,' ',NULL),
(730,2,4,'2023-10-29','Rusak',78,'rusak',NULL),
(731,1,3,'2023-10-29','Solve',100,' ',NULL),
(732,2,5,'2023-10-29','Rusak',78,'rusak',NULL),
(733,2,6,'2023-10-30','Rusak',78,'rusak',NULL),
(734,1,2,'2023-10-30','Solve',100,' ',NULL),
(735,1,1,'2023-10-30','Solve',100,' ',NULL),
(736,2,4,'2023-10-30','Rusak',78,'rusak',NULL),
(737,1,3,'2023-10-30','Solve',100,' ',NULL),
(738,2,5,'2023-10-30','Rusak',78,'rusak',NULL),
(739,2,6,'2023-10-31','Solve',100,' ',NULL),
(740,1,2,'2023-10-31','Solve',100,' ',NULL),
(741,1,1,'2023-10-31','Solve',86,' ',NULL),
(742,2,4,'2023-10-31','Solve',100,' ',NULL),
(743,1,3,'2023-10-31','Solve',100,' ',NULL),
(744,2,5,'2023-10-31','Solve',100,' ',NULL),
(745,1,1,'2023-11-01','Rusak',43,'2 Unit eror',NULL),
(746,2,6,'2023-11-01','Rusak',43,'2 Unit eror',NULL),
(747,2,6,'2023-11-01','Rusak',43,'2 Unit eror',NULL),
(748,1,2,'2023-11-01','Rusak',43,'2 Unit eror',NULL),
(749,2,4,'2023-11-01','Rusak',43,'2 Unit eror',NULL),
(750,2,4,'2023-11-01','Rusak',43,'2 Unit eror',NULL),
(751,1,3,'2023-11-01','Rusak',100,'2 Unit eror',NULL),
(752,2,5,'2023-11-01','Rusak',43,'2 Unit eror',NULL),
(753,2,5,'2023-11-01','Rusak',43,'2 Unit eror',NULL),
(754,1,1,'2023-11-02','Rusak',29,'2 Unit eror',NULL),
(755,2,6,'2023-11-02','Rusak',29,'2 Unit eror',NULL),
(756,1,2,'2023-11-02','Rusak',71,'2 Unit eror',NULL),
(757,2,4,'2023-11-02','Rusak',29,'2 Unit eror',NULL),
(758,1,3,'2023-11-02','Rusak',57,'2 Unit eror',NULL),
(759,2,5,'2023-11-02','Rusak',29,'2 Unit eror',NULL),
(760,1,1,'2023-11-03','Rusak',14,'3 unit rusak',NULL),
(761,2,6,'2023-11-03','Rusak',14,'3 unit rusak',NULL),
(762,1,2,'2023-11-03','Rusak',57,'3 unit rusak',NULL),
(763,2,4,'2023-11-03','Rusak',14,'3 unit rusak',NULL),
(764,1,3,'2023-11-03','Rusak',57,'3 unit rusak',NULL),
(765,2,5,'2023-11-03','Rusak',14,'3 unit rusak',NULL),
(766,1,1,'2023-11-04','Rusak',57,'1 Unit eror',NULL),
(767,1,1,'2023-11-04','Rusak',29,'1 Unit rusak','651f7c028f42f.jpg'),
(768,2,6,'2023-11-04','Rusak',57,'1 Unit eror',NULL),
(769,1,2,'2023-11-04','Rusak',57,'1 Unit eror',NULL),
(770,1,2,'2023-11-04','Rusak',71,'1 Unit rusak','651f7c028f42f.jpg'),
(771,2,4,'2023-11-04','Rusak',57,'1 Unit eror',NULL),
(772,1,3,'2023-11-04','Rusak',57,'1 Unit eror',NULL),
(773,1,3,'2023-11-04','Rusak',57,'1 Unit rusak','651f7c028f42f.jpg'),
(774,2,5,'2023-11-04','Rusak',57,'1 Unit eror',NULL),
(775,1,1,'2023-11-05','Rusak',71,'1 Unit eror',NULL),
(776,2,6,'2023-11-05','Rusak',71,'1 Unit eror',NULL),
(777,1,2,'2023-11-05','Rusak',71,'1 Unit eror',NULL),
(778,2,4,'2023-11-05','Rusak',71,'1 Unit eror',NULL),
(779,1,3,'2023-11-05','Rusak',71,'1 Unit eror',NULL),
(780,2,5,'2023-11-05','Rusak',71,'1 Unit eror',NULL),
(781,1,1,'2023-11-06','Solve',86,'-',NULL),
(782,2,6,'2023-11-06','Solve',86,'-',NULL),
(783,1,2,'2023-11-06','Solve',100,'-',NULL),
(784,2,4,'2023-11-06','Solve',86,'-',NULL),
(785,1,3,'2023-11-06','Solve',100,'-',NULL),
(786,2,5,'2023-11-06','Solve',86,'-',NULL),
(787,1,1,'2023-11-07','Solve',100,'-',NULL),
(788,2,6,'2023-11-07','Solve',100,'-',NULL),
(789,1,2,'2023-11-07','Solve',100,'-',NULL),
(790,2,4,'2023-11-07','Solve',100,'-',NULL),
(791,1,3,'2023-11-07','Solve',100,'-',NULL),
(792,2,5,'2023-11-07','Solve',100,'-',NULL),
(793,1,1,'2023-11-08','Rusak',43,'2 Unit eror',NULL),
(794,2,6,'2023-11-08','Rusak',43,'2 Unit eror',NULL),
(795,1,2,'2023-11-08','Rusak',43,'2 Unit eror',NULL),
(796,2,4,'2023-11-08','Rusak',43,'2 Unit eror',NULL),
(797,1,3,'2023-11-08','Rusak',100,'2 Unit eror',NULL),
(798,2,5,'2023-11-08','Rusak',43,'2 Unit eror',NULL),
(799,1,1,'2023-11-09','Rusak',29,'2 Unit eror',NULL),
(800,2,6,'2023-11-09','Rusak',29,'2 Unit eror',NULL),
(801,1,2,'2023-11-09','Rusak',71,'2 Unit eror',NULL),
(802,2,4,'2023-11-09','Rusak',29,'2 Unit eror',NULL),
(803,1,3,'2023-11-09','Rusak',29,'2 Unit eror',NULL),
(804,2,5,'2023-11-09','Rusak',29,'2 Unit eror',NULL),
(805,1,1,'2023-11-10','Rusak',14,'2 Unit eror',NULL),
(806,2,6,'2023-11-10','Rusak',14,'2 Unit eror',NULL),
(807,1,2,'2023-11-10','Rusak',57,'2 Unit eror',NULL),
(808,2,4,'2023-11-10','Rusak',14,'2 Unit eror',NULL),
(809,1,3,'2023-11-10','Rusak',14,'2 Unit eror',NULL),
(810,2,5,'2023-11-10','Rusak',14,'2 Unit eror',NULL),
(811,1,1,'2023-11-11','Rusak',71,'1 Unit eror',NULL),
(812,2,6,'2023-11-11','Rusak',71,'1 Unit eror',NULL),
(813,1,2,'2023-11-11','Rusak',71,'1 Unit eror',NULL),
(814,2,4,'2023-11-11','Rusak',71,'1 Unit eror',NULL),
(815,1,3,'2023-11-11','Rusak',71,'1 Unit eror',NULL),
(816,2,5,'2023-11-11','Rusak',71,'1 Unit eror',NULL),
(817,1,1,'2023-11-12','Rusak',71,'1 Unit eror',NULL),
(818,2,6,'2023-11-12','Rusak',71,'1 Unit eror',NULL),
(819,1,2,'2023-11-12','Rusak',71,'1 Unit eror',NULL),
(820,2,4,'2023-11-12','Rusak',71,'1 Unit eror',NULL),
(821,1,3,'2023-11-12','Rusak',71,'1 Unit eror',NULL),
(822,2,5,'2023-11-12','Rusak',71,'1 Unit eror',NULL),
(823,1,1,'2023-11-13','Solve',86,'-',NULL),
(824,2,6,'2023-11-13','Solve',86,'-',NULL),
(825,1,2,'2023-11-13','Solve',100,'-',NULL),
(826,2,4,'2023-11-13','Solve',86,'-',NULL),
(827,1,3,'2023-11-13','Solve',100,'-',NULL),
(828,2,5,'2023-11-13','Solve',86,'-',NULL),
(829,1,1,'2023-11-14','Solve',86,'-',NULL),
(830,2,6,'2023-11-14','Solve',86,'-',NULL),
(831,1,2,'2023-11-14','Solve',100,'-',NULL),
(832,2,4,'2023-11-14','Solve',86,'-',NULL),
(833,1,3,'2023-11-14','Solve',100,'-',NULL),
(834,2,5,'2023-11-14','Solve',86,'-',NULL),
(835,2,5,'2023-11-15','Solve',86,'-',NULL),
(836,1,1,'2023-11-15','Solve',86,'-',NULL),
(837,2,6,'2023-11-15','Solve',86,'-',NULL),
(838,1,2,'2023-11-15','Solve',100,'-',NULL),
(839,2,4,'2023-11-15','Solve',86,'-',NULL),
(840,1,3,'2023-11-15','Solve',100,'-',NULL),
(841,2,5,'2023-11-16','Solve',86,'-',NULL),
(842,1,1,'2023-11-16','Solve',86,'-',NULL),
(843,2,6,'2023-11-16','Solve',86,'-',NULL),
(844,1,2,'2023-11-16','Solve',100,'-',NULL),
(845,2,4,'2023-11-16','Solve',86,'-',NULL),
(846,1,3,'2023-11-16','Solve',100,'-',NULL),
(847,2,5,'2023-11-17','Solve',86,'-',NULL),
(848,1,1,'2023-11-17','Solve',86,'-',NULL),
(849,2,6,'2023-11-17','Solve',86,'-',NULL),
(850,1,2,'2023-11-17','Solve',100,'-',NULL),
(851,2,4,'2023-11-17','Solve',86,'-',NULL),
(852,1,3,'2023-11-17','Solve',100,'-',NULL),
(853,2,5,'2023-11-18','Solve',100,'-',NULL),
(854,1,1,'2023-11-18','Solve',100,'-',NULL),
(855,2,6,'2023-11-18','Solve',100,'-',NULL),
(856,1,2,'2023-11-18','Solve',100,'-',NULL),
(857,2,4,'2023-11-18','Solve',100,'-',NULL),
(858,1,3,'2023-11-18','Solve',100,'-',NULL),
(859,2,5,'2023-11-19','Solve',100,'-',NULL),
(860,1,1,'2023-11-19','Solve',100,'-',NULL),
(861,2,6,'2023-11-19','Solve',100,'-',NULL),
(862,1,2,'2023-11-19','Solve',100,'-',NULL),
(863,2,4,'2023-11-19','Solve',100,'-',NULL),
(864,1,3,'2023-11-19','Solve',100,'-',NULL),
(865,2,5,'2023-11-20','Solve',100,'-',NULL),
(866,1,1,'2023-11-20','Solve',100,'-',NULL),
(867,2,6,'2023-11-20','Solve',100,'-',NULL),
(868,1,2,'2023-11-20','Solve',100,'-',NULL),
(869,2,4,'2023-11-20','Solve',100,'-',NULL),
(870,1,3,'2023-11-20','Solve',100,'-',NULL),
(871,2,5,'2023-11-21','Solve',100,'-',NULL),
(872,1,1,'2023-11-21','Solve',100,'-',NULL),
(873,2,6,'2023-11-21','Solve',100,'-',NULL),
(874,1,2,'2023-11-21','Solve',100,'-',NULL),
(875,2,4,'2023-11-21','Solve',100,'-',NULL),
(876,1,3,'2023-11-21','Solve',100,'-',NULL),
(877,2,5,'2023-11-22','Solve',100,'-',NULL),
(878,1,1,'2023-11-22','Solve',100,'-',NULL),
(879,2,6,'2023-11-22','Solve',100,'-',NULL),
(880,1,2,'2023-11-22','Solve',100,'-',NULL),
(881,2,4,'2023-11-22','Solve',100,'-',NULL),
(882,1,3,'2023-11-22','Solve',100,'-',NULL),
(883,2,5,'2023-11-23','Solve',100,'-',NULL),
(884,1,1,'2023-11-23','Solve',100,'-',NULL),
(885,2,6,'2023-11-23','Solve',100,'-',NULL),
(886,1,2,'2023-11-23','Solve',100,'-',NULL),
(887,2,4,'2023-11-23','Solve',100,'-',NULL),
(888,1,3,'2023-11-23','Solve',100,'-',NULL),
(889,2,5,'2023-11-24','Solve',100,'-',NULL),
(890,1,1,'2023-11-24','Solve',100,'-',NULL),
(891,2,6,'2023-11-24','Solve',100,'-',NULL),
(892,1,2,'2023-11-24','Solve',100,'-',NULL),
(893,2,4,'2023-11-24','Solve',100,'-',NULL),
(894,1,3,'2023-11-24','Solve',100,'-',NULL),
(895,2,5,'2023-11-25','Rusak',29,'3 Unit eror',NULL),
(896,1,1,'2023-11-25','Rusak',29,'3 Unit eror',NULL),
(897,2,6,'2023-11-25','Rusak',29,'3 Unit eror',NULL),
(898,1,2,'2023-11-25','Rusak',71,'3 Unit eror',NULL),
(899,2,4,'2023-11-25','Rusak',29,'3 Unit eror',NULL),
(900,1,3,'2023-11-25','Rusak',29,'3 Unit eror',NULL),
(901,2,5,'2023-11-26','Rusak',29,'3 Unit eror',NULL),
(902,1,1,'2023-11-26','Rusak',29,'3 Unit eror',NULL),
(903,2,6,'2023-11-26','Rusak',29,'3 Unit eror',NULL),
(904,1,2,'2023-11-26','Rusak',71,'3 Unit eror',NULL),
(905,2,4,'2023-11-26','Rusak',29,'3 Unit eror',NULL),
(906,1,3,'2023-11-26','Rusak',29,'3 Unit eror',NULL),
(907,2,5,'2023-11-27','Rusak',29,'3 Unit eror',NULL),
(908,1,1,'2023-11-27','Rusak',29,'3 Unit eror',NULL),
(909,2,6,'2023-11-27','Rusak',29,'3 Unit eror',NULL),
(910,1,2,'2023-11-27','Rusak',71,'3 Unit eror',NULL),
(911,2,4,'2023-11-27','Rusak',29,'3 Unit eror',NULL),
(912,1,3,'2023-11-27','Rusak',29,'3 Unit eror',NULL),
(913,2,5,'2023-11-28','Rusak',14,'3 Unit rusak',NULL),
(914,1,1,'2023-11-28','Rusak',14,'3 Unit rusak',NULL),
(915,2,6,'2023-11-28','Rusak',14,'3 Unit rusak',NULL),
(916,1,2,'2023-11-28','Rusak',57,'3 Unit rusak',NULL),
(917,2,4,'2023-11-28','Rusak',14,'3 Unit rusak',NULL),
(918,1,3,'2023-11-28','Rusak',14,'3 Unit rusak',NULL),
(919,2,5,'2023-11-29','Rusak',14,'3 Unit rusak',NULL),
(920,1,1,'2023-11-29','Rusak',14,'3 Unit rusak',NULL),
(921,2,6,'2023-11-29','Rusak',14,'3 Unit rusak',NULL),
(922,1,2,'2023-11-29','Rusak',57,'3 Unit rusak',NULL),
(923,2,4,'2023-11-29','Rusak',14,'3 Unit rusak',NULL),
(924,1,3,'2023-11-29','Rusak',14,'3 Unit rusak',NULL),
(925,2,5,'2023-11-30','Solve',86,'-',NULL),
(926,1,1,'2023-11-30','Solve',86,'-',NULL),
(927,2,6,'2023-11-30','Solve',86,'-',NULL),
(928,1,2,'2023-11-30','Solve',100,'-',NULL),
(929,2,4,'2023-11-30','Solve',86,'-',NULL),
(930,1,3,'2023-11-30','Solve',100,'-',NULL),
(931,2,5,'2023-12-01','Rusak',57,'2 Unit eror',NULL),
(932,1,1,'2023-12-01','Rusak',57,'2 Unit eror',NULL),
(933,2,6,'2023-12-01','Rusak',57,'2 Unit eror',NULL),
(934,1,2,'2023-12-01','Rusak',57,'2 Unit eror',NULL),
(935,2,4,'2023-12-01','Rusak',57,'2 Unit eror',NULL),
(936,1,3,'2023-12-01','Rusak',57,'2 Unit eror',NULL),
(937,2,5,'2023-12-02','Solve',86,'-',NULL),
(938,1,1,'2023-12-02','Solve',86,'-',NULL),
(939,2,6,'2023-12-02','Solve',86,'-',NULL),
(940,1,2,'2023-12-02','Solve',100,'-',NULL),
(941,2,4,'2023-12-02','Solve',86,'-',NULL),
(942,1,3,'2023-12-02','Solve',100,'-',NULL),
(943,2,5,'2023-12-03','Solve',86,'-',NULL),
(944,1,1,'2023-12-03','Solve',86,'-',NULL),
(945,2,6,'2023-12-03','Solve',86,'-',NULL),
(946,1,2,'2023-12-03','Solve',100,'-',NULL),
(947,2,4,'2023-12-03','Solve',86,'-',NULL),
(948,1,3,'2023-12-03','Solve',100,'-',NULL),
(949,2,5,'2023-12-04','Solve',86,'-',NULL),
(950,1,1,'2023-12-04','Solve',86,'-',NULL),
(951,2,6,'2023-12-04','Solve',86,'-',NULL),
(952,1,2,'2023-12-04','Solve',100,'-',NULL),
(953,2,4,'2023-12-04','Solve',86,'-',NULL),
(954,1,3,'2023-12-04','Solve',100,'-',NULL),
(955,2,5,'2023-12-05','Solve',100,'-',NULL),
(956,1,1,'2023-12-05','Solve',100,'-',NULL),
(957,2,6,'2023-12-05','Solve',100,'-',NULL),
(958,1,2,'2023-12-05','Solve',100,'-',NULL),
(959,2,4,'2023-12-05','Solve',100,'-',NULL),
(960,1,3,'2023-12-05','Solve',100,'-',NULL),
(961,2,5,'2023-12-06','Solve',100,'-',NULL),
(962,1,1,'2023-12-06','Solve',100,'-',NULL),
(963,2,6,'2023-12-06','Solve',100,'-',NULL),
(964,1,2,'2023-12-06','Solve',100,'-',NULL),
(965,2,4,'2023-12-06','Solve',100,'-',NULL),
(966,1,3,'2023-12-06','Solve',100,'-',NULL),
(967,2,5,'2023-12-07','Solve',100,'-',NULL),
(968,1,1,'2023-12-07','Solve',100,'-',NULL),
(969,2,6,'2023-12-07','Solve',100,'-',NULL),
(970,1,2,'2023-12-07','Solve',100,'-',NULL),
(971,2,4,'2023-12-07','Solve',100,'-',NULL),
(972,1,3,'2023-12-07','Solve',100,'-',NULL),
(973,2,5,'2023-12-08','Solve',100,'-',NULL),
(974,1,1,'2023-12-08','Solve',86,'-',NULL),
(975,2,6,'2023-12-08','Solve',100,'-',NULL),
(976,1,2,'2023-12-08','Solve',100,'-',NULL),
(977,2,4,'2023-12-08','Solve',100,'-',NULL),
(978,1,3,'2023-12-08','Solve',100,'-',NULL),
(979,2,5,'2023-12-09','Solve',100,'-',NULL),
(980,1,1,'2023-12-09','Solve',86,'-',NULL),
(981,2,6,'2023-12-09','Solve',100,'-',NULL),
(982,1,2,'2023-12-09','Solve',100,'-',NULL),
(983,2,4,'2023-12-09','Solve',100,'-',NULL),
(984,1,3,'2023-12-09','Solve',100,'-',NULL),
(985,2,5,'2023-12-10','Solve',86,'-',NULL),
(986,1,1,'2023-12-10','Solve',86,'-',NULL),
(987,2,6,'2023-12-10','Solve',86,'-',NULL),
(988,1,2,'2023-12-10','Solve',100,'-',NULL),
(989,2,4,'2023-12-10','Solve',86,'-',NULL),
(990,1,3,'2023-12-10','Solve',100,'-',NULL),
(991,2,5,'2023-12-11','Solve',100,'-',NULL),
(992,1,1,'2023-12-11','Solve',100,'-',NULL),
(993,2,6,'2023-12-11','Solve',100,'-',NULL),
(994,1,2,'2023-12-11','Solve',100,'-',NULL),
(995,2,4,'2023-12-11','Solve',100,'-',NULL),
(996,1,3,'2023-12-11','Solve',100,'-',NULL),
(997,2,5,'2023-12-12','Solve',100,'-',NULL),
(998,1,1,'2023-12-12','Solve',100,'-',NULL),
(999,2,6,'2023-12-12','Solve',100,'-',NULL),
(1000,1,2,'2023-12-12','Solve',100,'-',NULL),
(1001,2,4,'2023-12-12','Solve',100,'-',NULL),
(1002,1,3,'2023-12-12','Solve',100,'-',NULL),
(1003,2,5,'2023-12-13','Solve',100,'-',NULL),
(1004,1,1,'2023-12-13','Solve',100,'-',NULL),
(1005,2,6,'2023-12-13','Solve',100,'-',NULL),
(1006,1,2,'2023-12-13','Solve',100,'-',NULL),
(1007,2,4,'2023-12-13','Solve',100,'-',NULL),
(1008,1,3,'2023-12-13','Solve',100,'-',NULL),
(1009,2,5,'2023-12-14','Rusak',14,'2 Unit eror',NULL),
(1010,1,1,'2023-12-14','Rusak',43,'2 Unit eror','651f8e491351d.jpg'),
(1011,2,6,'2023-12-14','Rusak',14,'2 Unit eror',NULL),
(1012,1,2,'2023-12-14','Rusak',43,'2 Unit eror','651f8e491351d.jpg'),
(1013,2,4,'2023-12-14','Solve',100,' ',NULL),
(1014,1,3,'2023-12-14','Solve',100,'-',NULL),
(1015,2,5,'2023-12-15','Rusak',43,'2 Unit eror',NULL),
(1016,1,1,'2023-12-15','Rusak',43,'2 Unit eror','651f8e491351d.jpg'),
(1017,2,6,'2023-12-15','Rusak',43,'2 Unit eror',NULL),
(1018,1,2,'2023-12-15','Rusak',43,'2 Unit eror','651f8e491351d.jpg'),
(1019,2,4,'2023-12-15','Solve',100,' ',NULL),
(1020,1,3,'2023-12-15','Solve',100,'-',NULL),
(1021,2,5,'2023-12-16','Rusak',14,'2 Unit eror',NULL),
(1022,1,1,'2023-12-16','Rusak',43,'2 Unit eror','651f8e491351d.jpg'),
(1023,2,6,'2023-12-16','Rusak',14,'2 Unit eror',NULL),
(1024,1,2,'2023-12-16','Rusak',43,'2 Unit eror','651f8e491351d.jpg'),
(1025,2,4,'2023-12-16','Solve',100,' ',NULL),
(1026,1,3,'2023-12-16','Solve',100,'-',NULL),
(1027,2,5,'2023-12-17','Rusak',14,'2 Unit eror',NULL),
(1028,1,1,'2023-12-17','Rusak',43,'2 Unit eror','651f8e491351d.jpg'),
(1029,2,6,'2023-12-17','Rusak',14,'2 Unit eror',NULL),
(1030,1,2,'2023-12-17','Rusak',43,'2 Unit eror','651f8e491351d.jpg'),
(1031,2,4,'2023-12-17','Solve',100,' ',NULL),
(1032,1,3,'2023-12-17','Solve',100,'-',NULL),
(1033,2,5,'2023-12-18','Rusak',43,'2 Unit eror',NULL),
(1034,1,1,'2023-12-18','Rusak',43,'2 Unit eror','651f8e491351d.jpg'),
(1035,2,6,'2023-12-18','Rusak',43,'2 Unit eror',NULL),
(1036,1,2,'2023-12-18','Rusak',43,'2 Unit eror','651f8e491351d.jpg'),
(1037,2,4,'2023-12-18','Solve',100,' ',NULL),
(1038,1,3,'2023-12-18','Solve',100,'-',NULL),
(1039,2,5,'2023-12-19','Rusak',43,'2 Unit eror',NULL),
(1040,1,1,'2023-12-19','Rusak',43,'2 Unit eror','651f8e491351d.jpg'),
(1041,2,6,'2023-12-19','Rusak',43,'2 Unit eror',NULL),
(1042,1,2,'2023-12-19','Rusak',43,'2 Unit eror','651f8e491351d.jpg'),
(1043,2,4,'2023-12-19','Solve',100,' ',NULL),
(1044,1,3,'2023-12-19','Solve',100,'-',NULL),
(1045,2,5,'2023-12-20','Rusak',71,'1 Unit eror',NULL),
(1046,1,1,'2023-12-20','Rusak',71,'1 Unit eror','651f8e491351d.jpg'),
(1047,2,6,'2023-12-20','Rusak',71,'1 Unit eror',NULL),
(1048,1,2,'2023-12-20','Rusak',71,'1 Unit eror','651f8e491351d.jpg'),
(1049,2,4,'2023-12-20','Rusak',71,'1 Unit eror',NULL),
(1050,1,3,'2023-12-20','Rusak',71,'1 Unit eror','651f8e491351d.jpg'),
(1051,2,5,'2023-12-21','Rusak',14,'1 Unit eror',NULL),
(1052,1,1,'2023-12-21','Rusak',71,'1 Unit eror','651f8e491351d.jpg'),
(1053,2,6,'2023-12-21','Rusak',14,'1 Unit eror',NULL),
(1054,1,2,'2023-12-21','Rusak',71,'1 Unit eror','651f8e491351d.jpg'),
(1055,2,4,'2023-12-21','Rusak',14,'1 Unit eror',NULL),
(1056,1,3,'2023-12-21','Rusak',71,'1 Unit eror','651f8e491351d.jpg'),
(1057,2,5,'2023-12-22','Rusak',14,'1 Unit eror',NULL),
(1058,1,1,'2023-12-22','Rusak',71,'1 Unit eror','651f8e491351d.jpg'),
(1059,2,6,'2023-12-22','Rusak',14,'1 Unit eror',NULL),
(1060,1,2,'2023-12-22','Rusak',71,'1 Unit eror','651f8e491351d.jpg'),
(1061,2,4,'2023-12-22','Rusak',14,'1 Unit eror',NULL),
(1062,1,3,'2023-12-22','Rusak',71,'1 Unit eror','651f8e491351d.jpg'),
(1063,2,5,'2023-12-23','Rusak',14,'1 Unit eror',NULL),
(1064,1,1,'2023-12-23','Rusak',71,'1 Unit eror','651f8e491351d.jpg'),
(1065,2,6,'2023-12-23','Rusak',14,'1 Unit eror',NULL),
(1066,1,2,'2023-12-23','Rusak',71,'1 Unit eror','651f8e491351d.jpg'),
(1067,2,4,'2023-12-23','Rusak',14,'1 Unit eror',NULL),
(1068,1,3,'2023-12-23','Rusak',71,'1 Unit eror','651f8e491351d.jpg'),
(1069,2,5,'2023-12-24','Rusak',71,'1 Unit eror',NULL),
(1070,1,1,'2023-12-24','Rusak',71,'1 Unit eror','651f8e491351d.jpg'),
(1071,2,6,'2023-12-24','Rusak',71,'1 Unit eror',NULL),
(1072,1,2,'2023-12-24','Rusak',71,'1 Unit eror','651f8e491351d.jpg'),
(1073,2,4,'2023-12-24','Rusak',71,'1 Unit eror',NULL),
(1074,1,3,'2023-12-24','Rusak',71,'1 Unit eror','651f8e491351d.jpg'),
(1075,2,5,'2023-12-25','Rusak',71,'1 Unit eror',NULL),
(1076,1,1,'2023-12-25','Rusak',0,'1 Unit eror','651f8e491351d.jpg'),
(1077,2,6,'2023-12-25','Rusak',71,'1 Unit eror',NULL),
(1078,1,2,'2023-12-25','Rusak',0,'1 Unit eror','651f8e491351d.jpg'),
(1079,2,4,'2023-12-25','Rusak',71,'1 Unit eror',NULL),
(1080,1,3,'2023-12-25','Rusak',0,'1 Unit eror','651f8e491351d.jpg'),
(1081,2,5,'2023-12-26','Solve',100,'-',NULL),
(1082,1,1,'2023-12-26','Solve',86,'-',NULL),
(1083,2,6,'2023-12-26','Solve',100,'-',NULL),
(1084,1,2,'2023-12-26','Solve',100,'-',NULL),
(1085,2,4,'2023-12-26','Solve',100,'-',NULL),
(1086,1,3,'2023-12-26','Solve',100,'-',NULL),
(1087,2,5,'2023-12-27','Solve',100,'-',NULL),
(1088,1,1,'2023-12-27','Solve',86,'-',NULL),
(1089,2,6,'2023-12-27','Solve',100,'-',NULL),
(1090,1,2,'2023-12-27','Solve',100,'-',NULL),
(1091,2,4,'2023-12-27','Solve',100,'-',NULL),
(1092,1,3,'2023-12-27','Solve',100,'-',NULL),
(1093,2,5,'2023-12-28','Solve',100,'-',NULL),
(1094,1,1,'2023-12-28','Solve',86,'-',NULL),
(1095,2,6,'2023-12-28','Solve',100,'-',NULL),
(1096,1,2,'2023-12-28','Solve',100,'-',NULL),
(1097,2,4,'2023-12-28','Solve',100,'-',NULL),
(1098,1,3,'2023-12-28','Solve',100,'-',NULL),
(1099,2,5,'2023-12-29','Solve',100,'-',NULL),
(1100,1,1,'2023-12-29','Solve',86,'-',NULL),
(1101,2,6,'2023-12-29','Solve',100,'-',NULL),
(1102,1,2,'2023-12-29','Solve',100,'-',NULL),
(1103,2,4,'2023-12-29','Solve',100,'-',NULL),
(1104,1,3,'2023-12-29','Solve',100,'-',NULL),
(1105,2,5,'2023-12-30','Solve',100,'-',NULL),
(1106,1,1,'2023-12-30','Solve',86,'-',NULL),
(1107,2,6,'2023-12-30','Solve',100,'-',NULL),
(1108,1,2,'2023-12-30','Solve',100,'-',NULL),
(1109,2,4,'2023-12-30','Solve',100,'-',NULL),
(1110,1,3,'2023-12-30','Solve',100,'-',NULL),
(1111,2,5,'2023-12-31','Solve',100,'-',NULL),
(1112,1,1,'2023-12-31','Solve',100,'-',NULL),
(1113,2,6,'2023-12-31','Solve',100,'-',NULL),
(1114,1,2,'2023-12-31','Solve',100,'-',NULL),
(1115,2,4,'2023-12-31','Solve',100,'-',NULL),
(1116,1,3,'2023-12-31','Solve',100,'-',NULL),
(1117,2,4,'2024-02-01','Rusak',44,'rusak lieurr','6523b166347f6.jpg');

/*Table structure for table `ck_minggu` */

DROP TABLE IF EXISTS `ck_minggu`;

CREATE TABLE `ck_minggu` (
  `id` int(11) NOT NULL AUTO_INCREMENT,
  `id_alat` int(11) DEFAULT NULL,
  `id_merk` int(11) DEFAULT NULL,
  `tanggal` char(10) DEFAULT NULL,
  `status` varchar(100) DEFAULT NULL,
  `persen` int(11) DEFAULT NULL,
  `keterangan` varchar(255) DEFAULT NULL,
  `gambar` varchar(50) DEFAULT NULL,
  PRIMARY KEY (`id`),
  KEY `id_alat` (`id_alat`),
  KEY `id_merk` (`id_merk`),
  CONSTRAINT `ck_minggu_ibfk_1` FOREIGN KEY (`id_alat`) REFERENCES `alat` (`id_alat`),
  CONSTRAINT `ck_minggu_ibfk_2` FOREIGN KEY (`id_merk`) REFERENCES `merk` (`id_merk`)
) ENGINE=InnoDB AUTO_INCREMENT=146 DEFAULT CHARSET=utf8mb4;

/*Data for the table `ck_minggu` */

insert  into `ck_minggu`(`id`,`id_alat`,`id_merk`,`tanggal`,`status`,`persen`,`keterangan`,`gambar`) values 
(1,1,1,'2023-07-07','Rusak',67,'3 unit rusak',NULL),
(2,2,4,'2023-07-07',NULL,100,'-',NULL),
(3,1,3,'2023-07-07','Rusak',67,'3 unit rusak',NULL),
(4,1,2,'2023-07-07','Rusak',67,'3 unit rusak',NULL),
(5,2,5,'2023-07-07',NULL,100,'-',NULL),
(6,2,6,'2023-07-07',NULL,100,'-',NULL),
(7,1,1,'2023-07-14','Rusak',67,'2 unit error',NULL),
(8,2,4,'2023-07-14','Rusak',0,'1 Unit rusak',NULL),
(9,1,3,'2023-07-14','Rusak',67,'2 unit error',NULL),
(10,1,2,'2023-07-14','Rusak',67,'2 unit error',NULL),
(11,2,5,'2023-07-14','Rusak',0,'1 Unit rusak',NULL),
(12,2,6,'2023-07-14','Rusak',0,'1 Unit rusak',NULL),
(13,1,1,'2023-07-21','Rusak',67,'1 Unit rusak',NULL),
(14,2,4,'2023-07-21','Rusak',67,'1 Unit rusak',NULL),
(15,1,3,'2023-07-21','Rusak',67,'1 Unit rusak',NULL),
(16,1,2,'2023-07-21','Rusak',67,'1 Unit rusak',NULL),
(17,2,5,'2023-07-21','Rusak',67,'1 Unit rusak',NULL),
(18,2,6,'2023-07-21','Rusak',67,'1 Unit rusak',NULL),
(19,1,1,'2023-07-28','Solve',100,'-',NULL),
(20,2,4,'2023-07-28',NULL,100,'-',NULL),
(21,1,3,'2023-07-28','Solve',100,'-',NULL),
(22,1,2,'2023-07-28','Rusak',67,'1 Unit rusak',NULL),
(23,2,5,'2023-07-28',NULL,100,'-',NULL),
(24,2,6,'2023-07-28',NULL,100,'-',NULL),
(25,1,1,'2023-08-07','Solve',100,'-',NULL),
(26,2,4,'2023-08-07',NULL,100,'-',NULL),
(27,1,3,'2023-08-07','Rusak',67,'1 Unit rusak',NULL),
(28,1,2,'2023-08-07','Solve',100,'-',NULL),
(29,2,5,'2023-08-07',NULL,100,'-',NULL),
(30,2,6,'2023-08-07',NULL,100,'-',NULL),
(31,1,1,'2023-08-14','Rusak',67,'1 Unit rusak',NULL),
(32,2,4,'2023-08-14','Rusak',67,'1 Unit rusak',NULL),
(33,1,3,'2023-08-14','Rusak',67,'1 Unit rusak',NULL),
(34,1,2,'2023-08-14','Rusak',67,'1 Unit rusak',NULL),
(35,2,5,'2023-08-14','Rusak',67,'1 Unit rusak',NULL),
(36,2,6,'2023-08-14','Rusak',67,'1 Unit rusak',NULL),
(37,1,1,'2023-08-21','Rusak',67,'1 Unit rusak',NULL),
(38,2,4,'2023-08-21',NULL,100,'-',NULL),
(39,1,3,'2023-08-21','Rusak',67,'1 Unit rusak',NULL),
(40,1,2,'2023-08-21','Rusak',67,'1 Unit rusak',NULL),
(41,2,5,'2023-08-21',NULL,100,'-',NULL),
(42,2,6,'2023-08-21',NULL,100,'-',NULL),
(43,1,1,'2023-08-28','Solve',100,'-',NULL),
(44,2,4,'2023-08-28',NULL,100,'-',NULL),
(45,1,3,'2023-08-28','Rusak',67,'1 Unit rusak',NULL),
(46,1,3,'2023-08-28','Solve',100,'-',NULL),
(47,2,5,'2023-08-28',NULL,100,'-',NULL),
(48,2,6,'2023-08-28',NULL,100,'-',NULL),
(49,1,1,'2023-09-07','Rusak',67,'3 unit rusak',NULL),
(50,2,4,'2023-09-07',NULL,100,'-',NULL),
(51,1,2,'2023-09-07','Rusak',67,'3 unit rusak',NULL),
(52,1,3,'2023-09-07','Rusak',67,'3 unit rusak',NULL),
(53,2,5,'2023-09-07',NULL,100,'-',NULL),
(54,2,6,'2023-09-07',NULL,100,'-',NULL),
(55,1,1,'2023-09-14','Rusak',67,'2 unit error',NULL),
(56,2,4,'2023-09-14','Rusak',0,'1 Unit rusak',NULL),
(57,1,3,'2023-09-14','Rusak',67,'2 unit error',NULL),
(58,1,2,'2023-09-14','Rusak',67,'2 unit error',NULL),
(59,2,5,'2023-09-14','Rusak',0,'1 Unit rusak',NULL),
(60,2,6,'2023-09-14','Rusak',0,'1 Unit rusak',NULL),
(61,1,1,'2023-09-21','Rusak',67,'1 Unit rusak',NULL),
(62,1,3,'2023-09-21','Rusak',67,'1 Unit rusak',NULL),
(63,1,2,'2023-09-21','Rusak',67,'1 Unit rusak',NULL),
(64,2,5,'2023-09-21',NULL,100,'-',NULL),
(65,2,4,'2023-09-21',NULL,100,'-',NULL),
(66,2,6,'2023-09-21',NULL,100,'-',NULL),
(67,1,1,'2023-09-28','Solve',100,'-',NULL),
(68,1,3,'2023-09-28','Solve',100,'-',NULL),
(69,1,2,'2023-09-28','Solve',100,'-',NULL),
(70,2,5,'2023-09-28',NULL,100,'-',NULL),
(71,2,4,'2023-09-28',NULL,100,'-',NULL),
(72,2,6,'2023-09-28',NULL,100,'-',NULL),
(73,1,1,'2023-10-07','Rusak',33,'1 Unit rusak',NULL),
(74,1,3,'2023-10-07','Rusak',33,'1 Unit rusak',NULL),
(75,1,2,'2023-10-07','Rusak',33,'1 Unit rusak',NULL),
(76,2,5,'2023-10-07',NULL,100,'-',NULL),
(77,2,4,'2023-10-07',NULL,100,'-',NULL),
(78,2,6,'2023-10-07',NULL,100,'-',NULL),
(79,1,1,'2023-10-14','Solve',100,'-',NULL),
(80,1,3,'2023-10-14','Solve',100,'-',NULL),
(81,1,2,'2023-10-14','Solve',100,'-',NULL),
(82,2,5,'2023-10-14','Rusak',67,'1 Unit rusak',NULL),
(83,2,4,'2023-10-14','Rusak',67,'1 Unit rusak',NULL),
(84,2,6,'2023-10-14','Rusak',67,'1 Unit rusak',NULL),
(85,1,1,'2023-10-21','Solve',100,'-',NULL),
(86,1,3,'2023-10-21','Solve',100,'-',NULL),
(87,1,2,'2023-10-21','Solve',100,'-',NULL),
(88,2,5,'2023-10-21',NULL,100,'-',NULL),
(89,2,4,'2023-10-21',NULL,100,'-',NULL),
(90,2,6,'2023-10-21',NULL,100,'-',NULL),
(91,1,1,'2023-10-28','Rusak',33,'3 unit rusak',NULL),
(92,1,3,'2023-10-28','Rusak',33,'3 unit rusak',NULL),
(93,1,2,'2023-10-28','Rusak',33,'3 unit rusak',NULL),
(94,2,5,'2023-10-28',NULL,100,'-',NULL),
(95,2,4,'2023-10-28',NULL,100,'-',NULL),
(96,2,6,'2023-10-28',NULL,100,'-',NULL),
(97,1,1,'2023-11-07','Rusak',67,'3 unit rusak',NULL),
(98,1,3,'2023-11-07','Rusak',67,'3 unit rusak',NULL),
(99,1,2,'2023-11-07','Rusak',67,'3 unit rusak',NULL),
(100,2,5,'2023-11-07',NULL,100,'-',NULL),
(101,2,4,'2023-11-07',NULL,100,'-',NULL),
(102,2,6,'2023-11-07',NULL,100,'-',NULL),
(103,1,1,'2023-11-14','Rusak',33,'2 unit eror',NULL),
(104,1,2,'2023-11-14','Rusak',33,'2 unit eror',NULL),
(105,1,3,'2023-11-14','Rusak',33,'2 unit eror',NULL),
(106,2,5,'2023-11-14','Rusak',0,'1 Unit rusak',NULL),
(107,2,4,'2023-11-14','Rusak',0,'1 Unit rusak',NULL),
(108,2,6,'2023-11-14','Rusak',0,'1 Unit rusak',NULL),
(109,1,1,'2023-11-21','Solve',100,'-',NULL),
(110,1,3,'2023-11-21','Solve',100,'-',NULL),
(111,1,2,'2023-11-21','Solve',100,'-',NULL),
(112,2,5,'2023-11-21',NULL,100,'-',NULL),
(113,2,4,'2023-11-21',NULL,100,'-',NULL),
(114,2,6,'2023-11-21',NULL,100,'-',NULL),
(115,1,1,'2023-11-28','Solve',100,'-',NULL),
(116,1,3,'2023-11-28','Solve',100,'-',NULL),
(117,1,2,'2023-11-28','Solve',100,'-',NULL),
(118,2,5,'2023-11-28',NULL,100,'-',NULL),
(119,2,4,'2023-11-28',NULL,100,'-',NULL),
(120,2,6,'2023-11-28',NULL,100,'-',NULL),
(121,1,1,'2023-12-07','Rusak',67,'2 Unit eror',NULL),
(122,1,3,'2023-12-07','Rusak',67,'2 Unit eror',NULL),
(123,1,2,'2023-12-07','Rusak',67,'3 unit rusak',NULL),
(124,2,5,'2023-12-07',NULL,100,'-',NULL),
(125,2,4,'2023-12-07',NULL,100,'-',NULL),
(126,2,6,'2023-12-07',NULL,100,'-',NULL),
(127,1,1,'2023-12-14','Rusak',0,'3 Unit eror',NULL),
(128,1,3,'2023-12-14','Rusak',0,'2 Unit eror',NULL),
(129,1,2,'2023-12-14','Rusak',67,'2 Unit eror',NULL),
(130,2,5,'2023-12-14','Rusak',67,'1 Unit rusak',NULL),
(131,2,4,'2023-12-14','Rusak',67,'1 Unit rusak',NULL),
(132,2,6,'2023-12-14','Rusak',67,'1 Unit rusak',NULL),
(133,1,1,'2023-12-21','Rusak',0,'3 unit rusak',NULL),
(134,1,3,'2023-12-21','Rusak',67,'3 unit rusak',NULL),
(135,1,2,'2023-12-21','Rusak',0,'3 unit rusak',NULL),
(136,2,5,'2023-12-21',NULL,100,'-',NULL),
(137,2,4,'2023-12-21',NULL,100,'-',NULL),
(138,2,6,'2023-12-21',NULL,100,'-',NULL),
(139,1,1,'2023-12-28','Rusak',67,'3 unit rusak',NULL),
(140,1,2,'2023-12-28','Rusak',67,'3 unit rusak',NULL),
(141,1,3,'2023-12-28','Rusak',67,'3 unit rusak',NULL),
(142,2,5,'2023-12-28',NULL,100,'-',NULL),
(143,2,4,'2023-12-28',NULL,100,'-',NULL),
(144,2,6,'2023-12-28',NULL,100,'-',NULL),
(145,2,4,'2024-01-07','Solve',100,'-','65239aa10d022.jpg');

/*Table structure for table `kegiatan` */

DROP TABLE IF EXISTS `kegiatan`;

CREATE TABLE `kegiatan` (
  `id_keg` int(11) NOT NULL AUTO_INCREMENT,
  `tipe_keg` int(11) DEFAULT NULL,
  `id_alat` int(11) DEFAULT NULL,
  `nama_keg` varchar(255) DEFAULT NULL,
  PRIMARY KEY (`id_keg`),
  KEY `id_alat` (`id_alat`),
  CONSTRAINT `kegiatan_ibfk_1` FOREIGN KEY (`id_alat`) REFERENCES `alat` (`id_alat`)
) ENGINE=InnoDB AUTO_INCREMENT=24 DEFAULT CHARSET=utf8mb4;

/*Data for the table `kegiatan` */

insert  into `kegiatan`(`id_keg`,`tipe_keg`,`id_alat`,`nama_keg`) values 
(1,1,1,'Pembersihan Kamera Control System'),
(2,1,1,'Pembersihan Monitor CCTV'),
(3,1,1,'Pembersihan UPS'),
(4,1,1,'Pembersihan Ruangan Control Center CCTV'),
(5,1,2,'Pembersihan ETD Unit'),
(6,1,2,'Pembersihan ETD Monitor'),
(7,1,2,'Pembersihan Lokasi Penempatan'),
(8,1,2,'Pemeriksaan Printer Paper'),
(9,1,2,'Pemeriksaan Validitas Sample Traps'),
(10,1,2,'Pemeriksaan Validitas Calibration Traps'),
(11,1,2,'Pemeriksaan Validitas Verification Traps'),
(12,1,2,'Pemeriksaan Touch Screen Monitor'),
(13,1,2,'Pemeriksaan Main input Voltage'),
(14,1,1,'Pemeriksaan Main Supply Voltage'),
(15,1,1,'Pemeriksaan Output Voltage UPS'),
(16,1,1,'Pemeriksaan Kabel dan Konektor'),
(17,2,1,'Pemeriksaan Fungsi switch/tombol on/off'),
(18,2,1,'Pemeriksaan Alert System - Audible'),
(19,2,1,'Pemeriksaan Alert System - Visible'),
(20,2,2,'Pemeriksaan Metode Pendeteksian'),
(21,3,1,'Pemeriksaan Jaringan'),
(22,3,1,'Pemeriksaan Monitor (contras,brightness,sharpness)'),
(23,3,1,'Pengujian Kinerja secara berkala');

/*Table structure for table `merk` */

DROP TABLE IF EXISTS `merk`;

CREATE TABLE `merk` (
  `id_merk` int(11) NOT NULL AUTO_INCREMENT,
  `id_alat` int(11) DEFAULT NULL,
  `nama_merk` varchar(255) DEFAULT NULL,
  PRIMARY KEY (`id_merk`),
  KEY `id_alat` (`id_alat`),
  CONSTRAINT `merk_ibfk_1` FOREIGN KEY (`id_alat`) REFERENCES `alat` (`id_alat`)
) ENGINE=InnoDB AUTO_INCREMENT=8 DEFAULT CHARSET=utf8mb4;

/*Data for the table `merk` */

insert  into `merk`(`id_merk`,`id_alat`,`nama_merk`) values 
(1,1,'Sony'),
(2,1,'Bosch'),
(3,1,'Avigilon'),
(4,2,'Exploscan SCP'),
(5,2,'Safran Morpho'),
(6,2,'Exploscan Cargo');

/*!40101 SET SQL_MODE=@OLD_SQL_MODE */;
/*!40014 SET FOREIGN_KEY_CHECKS=@OLD_FOREIGN_KEY_CHECKS */;
/*!40014 SET UNIQUE_CHECKS=@OLD_UNIQUE_CHECKS */;
/*!40111 SET SQL_NOTES=@OLD_SQL_NOTES */;
